ind;press;temp
0;0.060355932;25.449
1;0.167355932;25.468
2;0.282355932;25.476
3;0.344355932;25.479
4;0.397355932;25.481
5;0.415355932;25.479
6;0.353355932;25.478
7;0.308355932;25.476
8;0.264355932;25.477
9;0.211355932;25.478
10;0.238355932;25.479
11;0.300355932;25.481
12;0.433355932;25.482
13;0.592355932;25.482
14;0.849355932;25.485
15;1.044355932;25.484
16;1.159355932;25.482
17;1.310355932;25.48
18;1.451355932;25.479
19;1.655355932;25.481
20;1.806355932;25.477
21;1.868355932;25.475
22;1.850355932;25.475
23;1.894355932;25.478
24;1.974355932;25.477
25;2.089355932;25.474
26;2.142355932;25.474
27;2.178355932;25.472
28;2.275355932;25.474
29;2.320355932;25.465
30;2.328355932;25.465
31;2.337355932;25.467
32;2.417355932;25.466
33;2.488355932;25.465
34;2.497355932;25.462
35;2.532355932;25.463
36;2.603355932;25.465
37;2.709355932;25.464
38;2.763355932;25.465
39;2.842355932;25.464
40;2.940355932;25.462
41;3.037355932;25.464
42;3.090355932;25.463
43;3.090355932;25.46
44;3.073355932;25.46
45;3.073355932;25.46
46;3.064355932;25.462
47;3.090355932;25.459
48;3.108355932;25.459
49;3.099355932;25.456
50;3.090355932;25.455
51;3.082355932;25.458
52;3.073355932;25.458
53;3.135355932;25.458
54;3.152355932;25.459
55;3.215355932;25.452
56;3.285355932;25.453
57;3.312355932;25.452
58;3.321355932;25.449
59;3.312355932;25.446
60;3.312355932;25.448
61;3.303355932;25.449
62;3.330355932;25.45
63;3.356355932;25.455
64;3.409355932;25.458
65;3.480355932;25.454
66;3.542355932;25.455
67;3.578355932;25.455
68;3.631355932;25.455
69;3.649355932;25.455
70;3.613355932;25.453
71;3.569355932;25.455
72;3.534355932;25.454
73;3.542355932;25.452
74;3.542355932;25.452
75;3.596355932;25.455
76;3.666355932;25.455
77;3.773355932;25.457
78;3.870355932;25.458
79;3.959355932;25.456
80;4.039355932;25.457
81;4.109355932;25.455
82;4.118355932;25.454
83;4.074355932;25.453
84;4.047355932;25.452
85;4.021355932;25.454
86;4.047355932;25.455
87;4.101355932;25.454
88;4.136355932;25.453
89;4.180355932;25.455
90;4.225355932;25.453
91;4.251355932;25.452
92;4.216355932;25.449
93;4.163355932;25.45
94;4.109355932;25.449
95;4.101355932;25.45
96;4.092355932;25.451
97;4.118355932;25.45
98;4.127355932;25.451
99;4.216355932;25.452
100;4.269355932;25.454
101;4.358355932;25.453
102;4.358355932;25.453
103;4.420355932;25.451
104;4.473355932;25.451
105;4.526355932;25.451
106;4.508355932;25.449
107;4.482355932;25.449
108;4.464355932;25.45
109;4.464355932;25.45
110;4.526355932;25.451
111;4.615355932;25.451
112;4.730355932;25.45
113;4.810355932;25.453
114;4.872355932;25.45
115;4.889355932;25.449
116;4.863355932;25.449
117;4.836355932;25.449
118;4.810355932;25.45
119;4.872355932;25.451
120;4.925355932;25.452
121;4.960355932;25.452
122;5.022355932;25.452
123;5.067355932;25.453
124;5.102355932;25.453
125;5.164355932;25.452
126;5.182355932;25.452
127;5.226355932;25.45
128;5.208355932;25.451
129;5.270355932;25.45
130;5.324355932;25.452
131;5.350355932;25.452
132;5.403355932;25.452
133;5.457355932;25.451
134;5.430355932;25.449
135;5.412355932;25.451
136;5.439355932;25.449
137;5.448355932;25.451
138;5.465355932;25.452
139;5.519355932;25.453
140;5.607355932;25.451
141;5.696355932;25.45
142;5.714355932;25.453
143;5.740355932;25.45
144;5.714355932;25.45
145;5.714355932;25.451
146;5.714355932;25.451
147;5.722355932;25.451
148;5.731355932;25.451
149;5.838355932;25.451
150;5.944355932;25.452
151;6.041355932;25.45
152;6.121355932;25.451
153;6.174355932;25.449
154;6.148355932;25.449
155;6.166355932;25.451
156;6.148355932;25.448
157;6.104355932;25.447
158;6.121355932;25.448
159;6.121355932;25.449
160;6.210355932;25.448
161;6.307355932;25.448
162;6.458355932;25.447
163;6.547355932;25.451
164;6.653355932;25.448
165;6.697355932;25.45
166;6.653355932;25.449
167;6.600355932;25.448
168;6.547355932;25.449
169;6.502355932;25.449
170;6.511355932;25.449
171;6.618355932;25.447
172;6.733355932;25.448
173;6.875355932;25.448
174;6.990355932;25.449
175;7.079355932;25.446
176;7.141355932;25.448
177;7.061355932;25.446
178;6.981355932;25.447
179;6.919355932;25.448
180;6.901355932;25.448
181;6.937355932;25.447
182;7.061355932;25.449
183;7.194355932;25.447
184;7.371355932;25.448
185;7.531355932;25.449
186;7.628355932;25.446
187;7.690355932;25.451
188;7.752355932;25.447
189;7.752355932;25.446
190;7.726355932;25.447
191;7.726355932;25.446
192;7.717355932;25.445
193;7.726355932;25.445
194;7.814355932;25.446
195;7.929355932;25.449
196;8.089355932;25.445
197;8.240355932;25.445
198;8.390355932;25.447
199;8.470355932;25.446
200;8.444355932;25.447
201;8.408355932;25.446
202;8.390355932;25.446
203;8.390355932;25.446
204;8.444355932;25.446
205;8.506355932;25.446
206;8.630355932;25.445
207;8.781355932;25.446
208;8.905355932;25.446
209;9.038355932;25.446
210;9.153355932;25.449
211;9.259355932;25.449
212;9.348355932;25.445
213;9.419355932;25.446
214;9.508355932;25.448
215;9.552355932;25.447
216;9.596355932;25.445
217;9.596355932;25.446
218;9.614355932;25.446
219;9.632355932;25.446
220;9.738355932;25.443
221;9.827355932;25.446
222;9.898355932;25.443
223;9.915355932;25.443
224;9.942355932;25.443
225;9.986355932;25.445
226;10.05735593;25.442
227;10.12835593;25.442
228;10.19035593;25.445
229;10.22635593;25.44
230;10.28835593;25.445
231;10.30535593;25.444
232;10.34135593;25.445
233;10.33235593;25.443
234;10.33235593;25.444
235;10.38535593;25.445
236;10.50135593;25.443
237;10.57135593;25.443
238;10.61635593;25.441
239;10.67835593;25.442
240;10.69635593;25.442
241;10.66035593;25.443
242;10.61635593;25.442
243;10.62535593;25.442
244;10.66935593;25.442
245;10.74035593;25.44
246;10.85535593;25.44
247;10.95335593;25.44
248;11.07735593;25.44
249;11.20135593;25.438
250;11.32535593;25.438
251;11.40535593;25.44
252;11.40535593;25.439
253;11.36935593;25.44
254;11.34335593;25.44
255;11.33435593;25.44
256;11.38735593;25.441
257;11.50235593;25.44
258;11.63535593;25.438
259;11.74235593;25.438
260;11.85735593;25.439
261;11.97235593;25.437
262;12.08835593;25.438
263;12.13235593;25.437
264;12.18535593;25.437
265;12.23835593;25.437
266;12.28335593;25.436
267;12.33635593;25.435
268;12.40735593;25.435
269;12.49635593;25.436
270;12.57535593;25.436
271;12.67335593;25.436
272;12.77135593;25.436
273;12.82435593;25.432
274;12.94835593;25.433
275;13.07235593;25.433
276;13.14335593;25.432
277;13.17035593;25.433
278;13.17935593;25.431
279;13.19635593;25.433
280;13.22335593;25.435
281;13.25835593;25.436
282;13.30335593;25.434
283;13.37435593;25.433
284;13.39135593;25.432
285;13.43635593;25.431
286;13.43635593;25.43
287;13.37435593;25.43
288;13.32035593;25.43
289;13.28535593;25.432
290;13.25835593;25.431
291;13.29435593;25.43
292;13.33835593;25.433
293;13.42735593;25.43
294;13.55135593;25.43
295;13.64935593;25.43
296;13.66635593;25.43
297;13.65735593;25.43
298;13.58635593;25.429
299;13.55135593;25.429
300;13.53335593;25.43
301;13.54235593;25.431
302;13.54235593;25.43
303;13.59535593;25.431
304;13.71135593;25.43
305;13.83535593;25.431
306;13.94135593;25.431
307;13.99435593;25.43
308;14.03035593;25.43
309;14.05735593;25.428
310;14.11035593;25.429
311;14.18135593;25.43
312;14.23435593;25.43
313;14.27835593;25.431
314;14.33135593;25.433
315;14.44735593;25.431
316;14.54435593;25.432
317;14.68635593;25.43
318;14.80235593;25.429
319;14.90835593;25.429
320;14.99735593;25.428
321;15.04135593;25.426
322;15.11235593;25.426
323;15.18335593;25.427
324;15.25435593;25.429
325;15.28935593;25.428
326;15.32535593;25.427
327;15.39635593;25.428
328;15.48535593;25.428
329;15.61835593;25.425
330;15.75135593;25.421
331;15.89335593;25.417
332;15.96435593;25.416
333;15.99035593;25.416
334;16.04335593;25.415
335;16.11435593;25.413
336;16.20335593;25.417
337;16.27435593;25.416
338;16.32735593;25.418
339;16.40735593;25.419
340;16.39835593;25.416
341;16.46035593;25.411
342;16.54935593;25.404
343;16.71835593;25.406
344;16.86835593;25.399
345;17.01035593;25.396
346;17.09035593;25.394
347;17.08135593;25.394
348;17.08135593;25.392
349;17.08135593;25.391
350;17.09935593;25.39
351;17.19735593;25.391
352;17.26835593;25.389
353;17.34735593;25.389
354;17.41835593;25.389
355;17.51635593;25.387
356;17.64935593;25.387
357;17.79135593;25.385
358;17.87135593;25.386
359;17.85335593;25.386
360;17.85335593;25.386
361;17.85335593;25.386
362;17.89835593;25.387
363;17.96935593;25.386
364;18.10235593;25.385
365;18.18135593;25.384
366;18.25235593;25.383
367;18.27935593;25.384
368;18.27935593;25.383
369;18.29735593;25.381
370;18.30635593;25.383
371;18.32335593;25.381
372;18.29735593;25.38
373;18.33235593;25.379
374;18.34135593;25.38
375;18.33235593;25.38
376;18.28835593;25.38
377;18.24435593;25.38
378;18.18135593;25.382
379;18.13735593;25.381
380;18.16435593;25.381
381;18.23535593;25.381
382;18.29735593;25.382
383;18.35035593;25.383
384;18.43035593;25.38
385;18.50135593;25.379
386;18.53635593;25.377
387;18.51935593;25.376
388;18.52735593;25.376
389;18.51935593;25.376
390;18.57235593;25.378
391;18.63435593;25.374
392;18.71435593;25.373
393;18.80335593;25.369
394;18.82035593;25.368
395;18.82035593;25.365
396;18.83835593;25.365
397;18.86535593;25.365
398;18.91835593;25.364
399;18.96235593;25.363
400;19.01535593;25.361
401;19.05135593;25.358
402;19.06935593;25.358
403;19.11335593;25.358
404;19.19335593;25.357
405;19.27335593;25.352
406;19.36235593;25.345
407;19.42435593;25.343
408;19.43335593;25.342
409;19.43335593;25.341
410;19.45935593;25.342
411;19.53935593;25.34
412;19.60135593;25.338
413;19.63735593;25.335
414;19.70835593;25.334
415;19.75235593;25.332
416;19.78735593;25.329
417;19.86735593;25.327
418;19.95635593;25.324
419;20.01835593;25.318
420;20.01835593;25.316
421;20.02735593;25.318
422;20.04535593;25.316
423;20.05435593;25.316
424;20.10735593;25.316
425;20.21335593;25.309
426;20.31135593;25.301
427;20.40035593;25.292
428;20.46235593;25.292
429;20.48035593;25.289
430;20.42635593;25.289
431;20.43535593;25.29
432;20.47135593;25.289
433;20.51535593;25.287
434;20.56835593;25.282
435;20.60435593;25.277
436;20.62235593;25.278
437;20.64835593;25.277
438;20.68435593;25.276
439;20.77235593;25.275
440;20.91435593;25.267
441;21.00335593;25.262
442;21.04835593;25.257
443;21.05635593;25.255
444;21.03935593;25.256
445;21.03035593;25.257
446;21.07435593;25.258
447;21.13635593;25.255
448;21.18135593;25.253
449;21.22535593;25.251
450;21.25235593;25.249
451;21.32335593;25.247
452;21.36735593;25.247
453;21.42935593;25.247
454;21.49135593;25.243
455;21.58935593;25.244
456;21.65135593;25.24
457;21.66035593;25.236
458;21.66035593;25.234
459;21.66935593;25.234
460;21.72235593;25.234
461;21.78435593;25.232
462;21.86435593;25.226
463;22.01535593;25.216
464;22.10435593;25.208
465;22.11335593;25.204
466;22.11335593;25.201
467;22.13935593;25.202
468;22.19235593;25.202
469;22.21035593;25.2
470;22.29035593;25.192
471;22.29935593;25.185
472;22.35235593;25.181
473;22.35235593;25.181
474;22.37035593;25.179
475;22.45035593;25.175
476;22.56535593;25.165
477;22.68135593;25.158
478;22.76935593;25.142
479;22.78735593;25.138
480;22.73435593;25.141
481;22.65435593;25.146
482;22.62735593;25.149
483;22.64535593;25.152
484;22.73435593;25.15
485;22.82335593;25.141
486;22.91135593;25.133
487;22.95635593;25.129
488;23.02735593;25.123
489;23.07135593;25.123
490;23.14235593;25.12
491;23.16035593;25.114
492;23.11535593;25.116
493;23.09835593;25.117
494;23.10735593;25.117
495;23.12435593;25.116
496;23.19535593;25.105
497;23.34635593;25.086
498;23.45335593;25.062
499;23.53335593;25.049
500;23.57735593;25.044
501;23.57735593;25.044
502;23.58635593;25.043
503;23.63035593;25.044
504;23.68435593;25.041
505;23.76335593;25.041
506;23.82635593;25.033
507;23.86135593;25.032
508;23.88835593;25.031
509;23.90535593;25.028
510;23.94135593;25.029
511;24.01235593;25.026
512;24.17235593;25.025
513;24.31435593;25.021
514;24.40335593;25.018
515;24.42035593;25.019
516;24.40335593;25.019
517;24.41135593;25.019
518;24.46535593;25.018
519;24.51835593;25.015
520;24.56235593;25.018
521;24.56235593;25.018
522;24.60735593;25.017
523;24.66935593;25.018
524;24.76735593;25.013
525;24.88235593;25.015
526;24.97135593;25.008
527;24.98835593;25.001
528;24.92635593;25.003
529;24.86435593;25.005
530;24.84635593;25.006
531;24.84635593;25.007
532;24.88235593;25.008
533;24.90035593;25.01
534;24.97135593;25.006
535;25.05935593;24.997
536;25.21035593;24.979
537;25.35235593;24.963
538;25.48635593;24.95
539;25.52135593;24.946
540;25.50335593;24.947
541;25.44135593;24.947
542;25.37935593;24.947
543;25.34435593;24.946
544;25.37035593;24.948
545;25.42335593;24.945
546;25.53035593;24.946
547;25.60135593;24.943
548;25.69935593;24.941
549;25.78735593;24.939
550;25.86735593;24.936
551;25.95635593;24.929
552;26.03635593;24.905
553;26.03635593;24.888
554;25.96535593;24.891
555;25.90335593;24.904
556;25.86735593;24.914
557;25.84135593;24.92
558;25.85035593;24.922
559;25.95635593;24.92
560;26.10735593;24.896
561;26.20535593;24.859
562;26.29335593;24.832
563;26.34735593;24.818
564;26.33835593;24.811
565;26.32035593;24.813
566;26.26735593;24.817
567;26.21435593;24.819
568;26.22235593;24.82
569;26.27635593;24.814
570;26.32935593;24.801
571;26.43635593;24.787
572;26.55135593;24.76
573;26.64935593;24.722
574;26.71135593;24.691
575;26.79135593;24.66
576;26.89735593;24.602
577;26.91535593;24.546
578;26.87135593;24.532
579;26.79135593;24.535
580;26.78235593;24.556
581;26.75535593;24.573
582;26.81735593;24.566
583;26.92435593;24.527
584;27.03035593;24.495
585;27.14635593;24.475
586;27.17235593;24.461
587;27.22635593;24.455
588;27.23535593;24.452
589;27.28835593;24.45
590;27.33235593;24.438
591;27.37735593;24.421
592;27.35035593;24.416
593;27.34135593;24.419
594;27.33235593;24.42
595;27.37735593;24.417
596;27.45735593;24.405
597;27.58135593;24.381
598;27.75035593;24.362
599;27.89235593;24.341
600;27.94535593;24.327
601;27.91835593;24.325
602;27.84735593;24.325
603;27.75835593;24.33
604;27.73235593;24.335
605;27.76735593;24.335
606;27.82135593;24.333
607;27.84735593;24.329
608;27.91835593;24.325
609;28.01635593;24.317
610;28.13135593;24.296
611;28.25635593;24.26
612;28.40735593;24.233
613;28.55835593;24.213
614;28.58435593;24.196
615;28.53135593;24.198
616;28.42435593;24.203
617;28.34535593;24.21
618;28.32735593;24.213
619;28.38035593;24.212
620;28.45135593;24.209
621;28.59335593;24.196
622;28.73535593;24.177
623;28.84235593;24.164
624;28.89535593;24.159
625;28.90435593;24.156
626;28.91335593;24.153
627;28.95735593;24.151
628;29.01135593;24.149
629;29.01935593;24.149
630;28.98435593;24.15
631;29.00235593;24.15
632;29.03735593;24.149
633;29.09035593;24.147
634;29.17935593;24.14
635;29.32135593;24.133
636;29.45535593;24.128
637;29.52635593;24.12
638;29.53435593;24.12
639;29.51735593;24.12
640;29.43735593;24.122
641;29.37535593;24.123
642;29.36635593;24.124
643;29.43735593;24.124
644;29.57935593;24.121
645;29.71235593;24.113
646;29.78335593;24.101
647;29.83635593;24.092
648;29.86335593;24.09
649;29.87235593;24.087
650;29.85435593;24.087
651;29.91635593;24.083
652;29.99635593;24.08
653;30.04135593;24.073
654;30.01435593;24.071
655;30.00535593;24.072
656;30.02335593;24.067
657;30.08535593;24.064
658;30.19235593;24.06
659;30.34335593;24.054
660;30.42335593;24.049
661;30.44035593;24.047
662;30.39635593;24.048
663;30.40535593;24.046
664;30.45835593;24.047
665;30.53835593;24.044
666;30.63635593;24.041
667;30.71635593;24.035
668;30.70735593;24.035
669;30.68035593;24.034
670;30.64535593;24.033
671;30.64535593;24.034
672;30.71635593;24.034
673;30.78735593;24.028
674;30.87535593;24.026
675;30.97335593;24.025
676;31.01835593;24.021
677;31.04435593;24.017
678;31.08035593;24.015
679;31.16035593;24.011
680;31.18635593;24.009
681;31.14235593;24.01
682;31.07135593;24.01
683;31.06235593;24.015
684;31.13335593;24.014
685;31.21335593;24.011
686;31.34635593;24.0
687;31.49735593;23.993
688;31.61335593;23.987
689;31.63935593;23.98
690;31.59535593;23.983
691;31.55135593;23.985
692;31.47135593;23.989
693;31.42635593;23.989
694;31.47135593;23.991
695;31.55135593;23.989
696;31.61335593;23.984
697;31.69335593;23.979
698;31.78135593;23.971
699;31.90635593;23.96
700;31.97735593;23.955
701;32.04835593;23.953
702;32.06635593;23.945
703;31.98635593;23.948
704;31.88835593;23.951
705;31.88835593;23.953
706;31.89735593;23.954
707;31.95035593;23.953
708;32.03035593;23.946
709;32.10135593;23.939
710;32.16335593;23.935
711;32.19035593;23.934
712;32.19935593;23.934
713;32.18135593;23.936
714;32.14635593;23.936
715;32.19035593;23.935
716;32.22635593;23.933
717;32.27935593;23.931
718;32.28835593;23.928
719;32.27935593;23.93
720;32.31435593;23.93
721;32.39435593;23.928
722;32.51035593;23.923
723;32.61635593;23.917
724;32.67935593;23.91
725;32.72335593;23.908
726;32.68735593;23.906
727;32.70535593;23.908
728;32.72335593;23.907
729;32.76735593;23.905
730;32.83035593;23.9
731;32.91835593;23.897
732;32.91835593;23.894
733;32.83835593;23.894
734;32.83035593;23.893
735;32.86535593;23.895
736;32.92735593;23.893
737;33.04335593;23.889
738;33.16735593;23.885
739;33.24735593;23.882
740;33.29135593;23.879
741;33.25635593;23.881
742;33.27435593;23.882
743;33.30935593;23.881
744;33.37135593;23.878
745;33.42535593;23.874
746;33.43435593;23.87
747;33.44335593;23.871
748;33.42535593;23.871
749;33.45135593;23.87
750;33.51435593;23.864
751;33.63835593;23.856
752;33.74535593;23.847
753;33.81635593;23.838
754;33.81635593;23.835
755;33.79835593;23.839
756;33.75335593;23.839
757;33.75335593;23.842
758;33.75335593;23.842
759;33.80735593;23.841
760;33.86935593;23.839
761;33.90435593;23.832
762;33.94935593;23.829
763;33.97635593;23.825
764;34.02935593;23.823
765;34.07335593;23.821
766;34.18035593;23.808
767;34.21535593;23.8
768;34.27835593;23.797
769;34.26935593;23.797
770;34.27835593;23.796
771;34.26035593;23.796
772;34.33135593;23.796
773;34.45535593;23.794
774;34.51735593;23.793
775;34.54435593;23.79
776;34.56235593;23.788
777;34.62435593;23.787
778;34.67735593;23.784
779;34.73135593;23.779
780;34.81135593;23.774
781;34.84635593;23.765
782;34.84635593;23.764
783;34.78435593;23.768
784;34.78435593;23.768
785;34.78435593;23.768
786;34.81935593;23.765
787;34.91735593;23.761
788;35.04235593;23.757
789;35.13035593;23.755
790;35.21035593;23.752
791;35.22835593;23.754
792;35.21035593;23.754
793;35.16635593;23.753
794;35.16635593;23.754
795;35.21035593;23.752
796;35.29935593;23.75
797;35.37035593;23.748
798;35.42435593;23.744
799;35.45935593;23.743
800;35.47735593;23.743
801;35.46835593;23.743
802;35.45935593;23.741
803;35.43335593;23.743
804;35.48635593;23.741
805;35.58435593;23.739
806;35.65535593;23.732
807;35.71735593;23.726
808;35.79735593;23.724
809;35.82335593;23.722
810;35.83235593;23.722
811;35.85035593;23.722
812;35.86835593;23.721
813;35.93935593;23.716
814;36.04635593;23.712
815;36.09935593;23.706
816;36.12635593;23.704
817;36.15235593;23.701
818;36.17935593;23.699
819;36.17935593;23.696
820;36.16135593;23.697
821;36.18835593;23.698
822;36.25035593;23.692
823;36.33035593;23.686
824;36.39235593;23.676
825;36.44535593;23.67
826;36.45435593;23.667
827;36.47235593;23.666
828;36.49035593;23.667
829;36.50835593;23.668
830;36.51735593;23.666
831;36.59635593;23.658
832;36.69435593;23.647
833;36.75635593;23.637
834;36.77435593;23.635
835;36.80135593;23.634
836;36.75635593;23.634
837;36.74835593;23.633
838;36.73935593;23.631
839;36.83635593;23.633
840;36.90735593;23.628
841;36.98735593;23.62
842;37.05935593;23.617
843;37.12135593;23.616
844;37.16535593;23.617
845;37.14735593;23.616
846;37.14735593;23.614
847;37.14735593;23.614
848;37.17435593;23.611
849;37.24535593;23.61
850;37.28135593;23.607
851;37.30735593;23.608
852;37.31635593;23.608
853;37.35235593;23.607
854;37.40535593;23.604
855;37.44135593;23.602
856;37.53835593;23.601
857;37.62735593;23.599
858;37.68935593;23.595
859;37.66335593;23.595
860;37.68135593;23.597
861;37.68935593;23.594
862;37.68935593;23.594
863;37.76135593;23.592
864;37.85835593;23.589
865;37.92935593;23.585
866;37.97435593;23.58
867;37.93835593;23.581
868;37.96535593;23.581
869;38.00035593;23.579
870;38.08035593;23.576
871;38.15235593;23.573
872;38.24935593;23.569
873;38.34735593;23.565
874;38.35635593;23.56
875;38.31135593;23.56
876;38.30335593;23.56
877;38.31135593;23.561
878;38.31135593;23.56
879;38.35635593;23.559
880;38.44535593;23.556
881;38.54335593;23.553
882;38.64035593;23.555
883;38.67635593;23.553
884;38.70335593;23.552
885;38.72935593;23.551
886;38.72935593;23.551
887;38.80035593;23.548
888;38.84535593;23.548
889;38.91635593;23.548
890;38.91635593;23.546
891;38.84535593;23.549
892;38.85435593;23.547
893;38.89835593;23.548
894;38.98735593;23.547
895;39.09435593;23.546
896;39.22735593;23.542
897;39.32535593;23.538
898;39.35135593;23.539
899;39.30735593;23.537
900;39.28935593;23.539
901;39.28035593;23.538
902;39.24535593;23.54
903;39.26235593;23.54
904;39.36035593;23.539
905;39.47635593;23.538
906;39.57335593;23.535
907;39.60035593;23.533
908;39.62735593;23.533
909;39.64535593;23.533
910;39.70735593;23.532
911;39.75135593;23.529
912;39.82235593;23.526
913;39.89335593;23.526
914;39.90235593;23.527
915;39.83135593;23.526
916;39.84935593;23.526
917;39.85835593;23.524
918;39.93835593;23.524
919;40.04535593;23.523
920;40.17835593;23.522
921;40.23135593;23.52
922;40.27635593;23.517
923;40.27635593;23.519
924;40.23135593;23.519
925;40.20435593;23.519
926;40.24935593;23.518
927;40.29335593;23.519
928;40.35635593;23.516
929;40.40035593;23.516
930;40.47135593;23.515
931;40.54235593;23.513
932;40.54235593;23.513
933;40.55135593;23.511
934;40.49835593;23.511
935;40.48035593;23.511
936;40.52435593;23.513
937;40.57835593;23.51
938;40.65835593;23.509
939;40.79135593;23.504
940;40.89835593;23.499
941;40.93335593;23.494
942;40.93335593;23.496
943;40.89835593;23.496
944;40.84435593;23.496
945;40.81835593;23.497
946;40.84435593;23.497
947;40.96035593;23.495
948;41.07635593;23.49
949;41.15635593;23.482
950;41.20935593;23.475
951;41.19135593;23.475
952;41.14735593;23.476
953;41.13835593;23.477
954;41.09335593;23.479
955;41.10235593;23.479
956;41.17335593;23.478
957;41.28935593;23.473
958;41.38735593;23.465
959;41.42235593;23.462
960;41.42235593;23.463
961;41.42235593;23.46
962;41.40435593;23.461
963;41.43135593;23.46
964;41.48435593;23.457
965;41.54735593;23.456
966;41.57335593;23.457
967;41.54735593;23.458
968;41.47635593;23.46
969;41.50235593;23.458
970;41.56435593;23.454
971;41.63635593;23.455
972;41.75135593;23.453
973;41.87635593;23.452
974;41.95635593;23.448
975;41.95635593;23.446
976;41.93835593;23.447
977;41.88435593;23.448
978;41.84035593;23.449
979;41.86735593;23.448
980;41.86735593;23.45
981;41.91135593;23.449
982;42.00035593;23.448
983;42.11635593;23.445
984;42.16035593;23.439
985;42.21335593;23.436
986;42.24935593;23.434
987;42.27635593;23.431
988;42.25835593;23.429
989;42.24035593;23.431
990;42.24035593;23.43
991;42.29335593;23.428
992;42.35635593;23.428
993;42.41835593;23.426
994;42.43635593;23.424
995;42.49835593;23.421
996;42.56035593;23.418
997;42.61335593;23.415
998;42.70235593;23.413
999;42.80035593;23.411
1000;42.84435593;23.409
1001;42.85335593;23.406
1002;42.82735593;23.409
1003;42.80035593;23.409
1004;42.84435593;23.408
1005;42.88935593;23.408
1006;42.96035593;23.407
1007;43.03135593;23.403
1008;43.12935593;23.402
1009;43.22735593;23.402
1010;43.28035593;23.4
1011;43.27135593;23.399
1012;43.22735593;23.402
1013;43.14735593;23.401
1014;43.15635593;23.402
1015;43.20935593;23.4
1016;43.25335593;23.401
1017;43.31635593;23.399
1018;43.37835593;23.398
1019;43.47635593;23.397
1020;43.52035593;23.397
1021;43.52035593;23.395
1022;43.44035593;23.396
1023;43.45835593;23.397
1024;43.44935593;23.395
1025;43.44035593;23.395
1026;43.49335593;23.396
1027;43.54735593;23.396
1028;43.65335593;23.397
1029;43.73435593;23.395
1030;43.76035593;23.393
1031;43.72535593;23.395
1032;43.63635593;23.392
1033;43.59135593;23.393
1034;43.56535593;23.395
1035;43.57335593;23.394
1036;43.60035593;23.393
1037;43.61835593;23.395
1038;43.69835593;23.393
1039;43.76035593;23.393
1040;43.73435593;23.393
1041;43.71635593;23.396
1042;43.67135593;23.395
1043;43.65335593;23.396
1044;43.68935593;23.393
1045;43.70735593;23.394
1046;43.76035593;23.393
1047;43.75135593;23.392
1048;43.74235593;23.392
1049;43.68035593;23.394
1050;43.64535593;23.394
1051;43.60935593;23.395
1052;43.62735593;23.393
1053;43.68035593;23.391
1054;43.75135593;23.393
1055;43.79635593;23.393
1056;43.76035593;23.393
1057;43.72535593;23.393
1058;43.68935593;23.393
1059;43.64535593;23.394
1060;43.63635593;23.395
1061;43.65335593;23.394
1062;43.68935593;23.393
1063;43.72535593;23.392
1064;43.69835593;23.394
1065;43.66235593;23.395
1066;43.65335593;23.394
1067;43.63635593;23.395
1068;43.63635593;23.393
1069;43.68035593;23.393
1070;43.74235593;23.396
1071;43.79635593;23.393
1072;43.76035593;23.394
1073;43.70735593;23.393
1074;43.66235593;23.393
1075;43.62735593;23.393
1076;43.65335593;23.393
1077;43.68935593;23.393
1078;43.76035593;23.392
1079;43.81435593;23.392
1080;43.77835593;23.392
1081;43.76935593;23.393
1082;43.75135593;23.393
1083;43.73435593;23.393
1084;43.69835593;23.393
1085;43.66235593;23.393
1086;43.65335593;23.394
1087;43.62735593;23.394
1088;43.66235593;23.395
1089;43.69835593;23.392
1090;43.74235593;23.393
1091;43.73435593;23.393
1092;43.70735593;23.394
1093;43.64535593;23.394
1094;43.55635593;23.395
1095;43.50235593;23.393
1096;43.45835593;23.395
1097;43.49335593;23.393
1098;43.52035593;23.396
1099;43.60935593;23.395
1100;43.62735593;23.394
1101;43.59135593;23.395
1102;43.54735593;23.394
1103;43.50235593;23.393
1104;43.47635593;23.395
1105;43.41335593;23.396
1106;43.37835593;23.395
1107;43.35135593;23.396
1108;43.34235593;23.396
1109;43.35135593;23.396
1110;43.42235593;23.398
1111;43.52035593;23.395
1112;43.59135593;23.396
1113;43.62735593;23.396
1114;43.58235593;23.395
1115;43.51135593;23.396
1116;43.43135593;23.395
1117;43.36935593;23.397
1118;43.37835593;23.396
1119;43.41335593;23.394
1120;43.48535593;23.396
1121;43.57335593;23.394
1122;43.60035593;23.395
1123;43.59135593;23.392
1124;43.55635593;23.394
1125;43.50235593;23.395
1126;43.47635593;23.395
1127;43.43135593;23.395
1128;43.40535593;23.395
1129;43.49335593;23.395
1130;43.58235593;23.392
1131;43.64535593;23.394
1132;43.65335593;23.393
1133;43.63635593;23.394
1134;43.60035593;23.393
1135;43.59135593;23.393
1136;43.58235593;23.394
1137;43.60035593;23.394
1138;43.64535593;23.393
1139;43.70735593;23.393
1140;43.75135593;23.393
1141;43.74235593;23.394
1142;43.69835593;23.393
1143;43.65335593;23.392
1144;43.66235593;23.393
1145;43.66235593;23.393
1146;43.71635593;23.393
1147;43.77835593;23.391
1148;43.80535593;23.393
1149;43.78735593;23.392
1150;43.78735593;23.392
1151;43.76035593;23.393
1152;43.75135593;23.392
1153;43.76035593;23.392
1154;43.80535593;23.393
1155;43.91135593;23.391
1156;44.00935593;23.392
1157;44.01835593;23.392
1158;43.99135593;23.39
1159;43.99135593;23.393
1160;43.95635593;23.395
1161;43.97435593;23.393
1162;44.03635593;23.393
1163;44.08935593;23.392
1164;44.19635593;23.39
1165;44.22235593;23.389
1166;44.16035593;23.391
1167;44.14235593;23.389
1168;44.16035593;23.39
1169;44.19635593;23.39
1170;44.23135593;23.39
1171;44.31135593;23.39
1172;44.40035593;23.388
1173;44.44535593;23.386
1174;44.41835593;23.389
1175;44.42735593;23.389
1176;44.40935593;23.389
1177;44.41835593;23.39
1178;44.45435593;23.387
1179;44.56935593;23.387
1180;44.65835593;23.386
1181;44.68535593;23.386
1182;44.64935593;23.387
1183;44.61435593;23.386
1184;44.60535593;23.385
1185;44.64035593;23.387
1186;44.68535593;23.387
1187;44.80935593;23.383
1188;44.89835593;23.383
1189;44.96935593;23.382
1190;44.93435593;23.382
1191;44.93435593;23.382
1192;44.88935593;23.383
1193;44.89835593;23.384
1194;44.94335593;23.383
1195;45.02335593;23.38
1196;45.08535593;23.379
1197;45.11235593;23.38
1198;45.12035593;23.379
1199;45.17435593;23.378
1200;45.20935593;23.378
1201;45.22735593;23.377
1202;45.30735593;23.378
1203;45.37835593;23.376
1204;45.39635593;23.378
1205;45.37835593;23.377
1206;45.36135593;23.376
1207;45.37835593;23.377
1208;45.43235593;23.379
1209;45.48535593;23.376
1210;45.56535593;23.374
1211;45.68135593;23.373
1212;45.73435593;23.371
1213;45.80535593;23.373
1214;45.81435593;23.373
1215;45.80535593;23.371
1216;45.77035593;23.371
1217;45.75235593;23.372
1218;45.72535593;23.373
1219;45.78735593;23.371
1220;45.86735593;23.371
1221;45.97435593;23.37
1222;46.07235593;23.367
1223;46.15235593;23.367
1224;46.24135593;23.366
1225;46.26835593;23.364
1226;46.27635593;23.364
1227;46.25935593;23.367
1228;46.23235593;23.366
1229;46.18735593;23.368
1230;46.21435593;23.366
1231;46.27635593;23.367
1232;46.35635593;23.366
1233;46.45435593;23.364
1234;46.56135593;23.364
1235;46.63235593;23.364
1236;46.69435593;23.365
1237;46.65935593;23.366
1238;46.63235593;23.363
1239;46.63235593;23.362
1240;46.65035593;23.363
1241;46.65935593;23.364
1242;46.73035593;23.364
1243;46.80135593;23.366
1244;46.85435593;23.363
1245;46.92635593;23.363
1246;46.97935593;23.361
1247;47.00635593;23.363
1248;47.00635593;23.362
1249;47.05035593;23.364
1250;47.05935593;23.362
1251;47.07735593;23.363
1252;47.12135593;23.362
1253;47.16635593;23.363
1254;47.19235593;23.361
1255;47.21935593;23.362
1256;47.27235593;23.361
1257;47.31735593;23.361
1258;47.37935593;23.36
1259;47.47735593;23.36
1260;47.60135593;23.359
1261;47.69935593;23.357
1262;47.74435593;23.357
1263;47.71735593;23.356
1264;47.69935593;23.354
1265;47.73535593;23.357
1266;47.77935593;23.356
1267;47.86835593;23.355
1268;48.03735593;23.353
1269;48.16235593;23.35
1270;48.27735593;23.35
1271;48.32235593;23.348
1272;48.34035593;23.348
1273;48.29535593;23.347
1274;48.25935593;23.351
1275;48.30435593;23.347
1276;48.40235593;23.348
1277;48.53535593;23.343
1278;48.68635593;23.34
1279;48.81135593;23.337
1280;48.87335593;23.335
1281;48.92635593;23.337
1282;48.94435593;23.334
1283;49.01535593;23.334
1284;49.08735593;23.333
1285;49.17635593;23.33
1286;49.25635593;23.328
1287;49.27335593;23.328
1288;49.32735593;23.328
1289;49.38935593;23.326
1290;49.46935593;23.324
1291;49.55835593;23.324
1292;49.65635593;23.323
1293;49.71835593;23.323
1294;49.78035593;23.321
1295;49.80735593;23.322
1296;49.83435593;23.32
1297;49.89635593;23.32
1298;49.93235593;23.319
1299;49.98535593;23.318
1300;50.04735593;23.317
1301;50.11835593;23.313
1302;50.15435593;23.314
1303;50.18935593;23.315
1304;50.24335593;23.313
1305;50.32335593;23.312
1306;50.42135593;23.308
1307;50.54535593;23.305
1308;50.60835593;23.302
1309;50.66135593;23.301
1310;50.67035593;23.301
1311;50.67935593;23.299
1312;50.73235593;23.297
1313;50.81235593;23.296
1314;50.93735593;23.293
1315;51.06135593;23.292
1316;51.13235593;23.289
1317;51.16835593;23.287
1318;51.15035593;23.288
1319;51.19535593;23.286
1320;51.23035593;23.286
1321;51.30135593;23.285
1322;51.45335593;23.282
1323;51.52435593;23.279
1324;51.58635593;23.277
1325;51.63035593;23.275
1326;51.67535593;23.274
1327;51.73735593;23.273
1328;51.82635593;23.269
1329;51.98635593;23.265
1330;52.05735593;23.257
1331;52.14635593;23.253
1332;52.09335593;23.252
1333;52.03135593;23.251
1334;52.04035593;23.249
1335;52.09335593;23.249
1336;52.19135593;23.246
1337;52.35135593;23.24
1338;52.48435593;23.233
1339;52.56535593;23.229
1340;52.61835593;23.225
1341;52.60935593;23.224
1342;52.64535593;23.223
1343;52.63635593;23.222
1344;52.69835593;23.22
1345;52.80535593;23.219
1346;52.90335593;23.217
1347;52.95635593;23.216
1348;52.99235593;23.214
1349;53.04535593;23.214
1350;53.14335593;23.213
1351;53.27635593;23.211
1352;53.40135593;23.211
1353;53.49935593;23.21
1354;53.52535593;23.21
1355;53.48135593;23.211
1356;53.43635593;23.21
1357;53.42835593;23.211
1358;53.43635593;23.209
1359;53.49035593;23.21
1360;53.59735593;23.208
1361;53.73935593;23.209
1362;53.87235593;23.207
1363;53.96135593;23.205
1364;54.03335593;23.205
1365;54.08635593;23.205
1366;54.07735593;23.206
1367;54.05035593;23.204
1368;54.04135593;23.203
1369;54.05935593;23.205
1370;54.14835593;23.204
1371;54.23735593;23.204
1372;54.31735593;23.203
1373;54.40635593;23.202
1374;54.49535593;23.2
1375;54.56635593;23.2
1376;54.59335593;23.2
1377;54.68235593;23.197
1378;54.78035593;23.199
1379;54.86035593;23.197
1380;54.89635593;23.195
1381;54.88735593;23.195
1382;54.88735593;23.195
1383;54.95835593;23.197
1384;55.04735593;23.195
1385;55.14535593;23.192
1386;55.29635593;23.191
1387;55.45635593;23.189
1388;55.55435593;23.187
1389;55.57235593;23.187
1390;55.55435593;23.188
1391;55.51835593;23.185
1392;55.55435593;23.186
1393;55.60735593;23.187
1394;55.67035593;23.186
1395;55.75935593;23.183
1396;55.80335593;23.182
1397;55.85735593;23.179
1398;55.96335593;23.181
1399;56.02635593;23.179
1400;56.09735593;23.178
1401;56.15935593;23.175
1402;56.27535593;23.175
1403;56.33735593;23.172
1404;56.34635593;23.172
1405;56.28435593;23.174
1406;56.25735593;23.172
1407;56.27535593;23.174
1408;56.35535593;23.171
1409;56.47135593;23.17
1410;56.62235593;23.168
1411;56.72935593;23.166
1412;56.81835593;23.165
1413;56.86235593;23.163
1414;56.88935593;23.165
1415;56.88035593;23.165
1416;56.83535593;23.162
1417;56.83535593;23.165
1418;56.88935593;23.164
1419;56.96035593;23.162
1420;56.99635593;23.16
1421;57.08535593;23.16
1422;57.17435593;23.159
1423;57.26335593;23.159
1424;57.29835593;23.156
1425;57.32535593;23.156
1426;57.39635593;23.157
1427;57.50335593;23.155
1428;57.60135593;23.155
1429;57.68135593;23.152
1430;57.69935593;23.152
1431;57.68135593;23.151
1432;57.66335593;23.152
1433;57.72535593;23.151
1434;57.79735593;23.151
1435;57.85935593;23.15
1436;57.99235593;23.147
1437;58.12635593;23.146
1438;58.21535593;23.147
1439;58.19735593;23.146
1440;58.14435593;23.145
1441;58.10835593;23.148
1442;58.06435593;23.145
1443;58.02835593;23.146
1444;58.07235593;23.146
1445;58.20635593;23.146
1446;58.33935593;23.145
1447;58.45535593;23.146
1448;58.52635593;23.144
1449;58.54435593;23.144
1450;58.53535593;23.142
1451;58.50035593;23.144
1452;58.41135593;23.144
1453;58.38435593;23.145
1454;58.43735593;23.145
1455;58.52635593;23.144
1456;58.66035593;23.142
1457;58.79335593;23.141
1458;58.90935593;23.141
1459;58.97135593;23.141
1460;59.00735593;23.139
1461;59.01635593;23.138
1462;59.01635593;23.138
1463;58.99835593;23.138
1464;58.97135593;23.139
1465;59.02535593;23.138
1466;59.07835593;23.138
1467;59.14035593;23.135
1468;59.16735593;23.134
1469;59.29235593;23.132
1470;59.37235593;23.133
1471;59.47935593;23.13
1472;59.55935593;23.131
1473;59.64835593;23.128
1474;59.72835593;23.126
1475;59.73735593;23.125
1476;59.69235593;23.125
1477;59.65735593;23.124
1478;59.66635593;23.125
1479;59.77235593;23.126
1480;59.87935593;23.122
1481;60.01335593;23.118
1482;60.13735593;23.115
1483;60.23535593;23.11
1484;60.29835593;23.108
1485;60.25335593;23.107
1486;60.18235593;23.108
1487;60.09335593;23.11
1488;60.03935593;23.111
1489;60.08435593;23.112
1490;60.20935593;23.109
1491;60.36035593;23.106
1492;60.53835593;23.102
1493;60.69835593;23.101
1494;60.77835593;23.1
1495;60.76935593;23.1
1496;60.67135593;23.1
1497;60.58235593;23.101
1498;60.55635593;23.102
1499;60.58235593;23.1
1500;60.68035593;23.1
1501;60.82335593;23.1
1502;60.93835593;23.099
1503;61.08135593;23.098
1504;61.12535593;23.094
1505;61.11635593;23.096
1506;61.08135593;23.096
1507;61.00135593;23.098
1508;60.94735593;23.097
1509;60.95635593;23.097
1510;61.05435593;23.098
1511;61.14335593;23.094
1512;61.24135593;23.096
1513;61.39235593;23.094
1514;61.49935593;23.092
1515;61.57035593;23.091
1516;61.56235593;23.091
1517;61.49035593;23.093
1518;61.49035593;23.092
1519;61.49035593;23.092
1520;61.54435593;23.09
1521;61.60635593;23.089
1522;61.65135593;23.089
1523;61.79335593;23.086
1524;61.95335593;23.084
1525;61.98935593;23.086
1526;61.98935593;23.082
1527;61.95335593;23.084
1528;61.88235593;23.086
1529;61.84635593;23.084
1530;61.87335593;23.083
1531;61.94435593;23.084
1532;62.07835593;23.083
1533;62.26535593;23.08
1534;62.38935593;23.08
1535;62.47035593;23.078
1536;62.46135593;23.079
1537;62.43435593;23.079
1538;62.38135593;23.08
1539;62.30935593;23.079
1540;62.30035593;23.081
1541;62.35435593;23.08
1542;62.47835593;23.079
1543;62.63035593;23.079
1544;62.74635593;23.077
1545;62.79935593;23.079
1546;62.83535593;23.079
1547;62.79935593;23.077
1548;62.74635593;23.077
1549;62.71935593;23.078
1550;62.75435593;23.078
1551;62.82635593;23.078
1552;63.00435593;23.078
1553;63.12835593;23.076
1554;63.21735593;23.077
1555;63.22635593;23.075
1556;63.20835593;23.077
1557;63.20835593;23.078
1558;63.20835593;23.077
1559;63.18235593;23.076
1560;63.20835593;23.076
1561;63.28035593;23.076
1562;63.38735593;23.076
1563;63.49335593;23.077
1564;63.52935593;23.073
1565;63.56535593;23.076
1566;63.57435593;23.074
1567;63.60035593;23.077
1568;63.61835593;23.076
1569;63.69835593;23.074
1570;63.77835593;23.075
1571;63.81435593;23.073
1572;63.83235593;23.072
1573;63.81435593;23.074
1574;63.85035593;23.074
1575;63.90335593;23.073
1576;63.97435593;23.073
1577;64.09035593;23.071
1578;64.25935593;23.07
1579;64.30435593;23.069
1580;64.26835593;23.07
1581;64.20635593;23.07
1582;64.17035593;23.071
1583;64.20635593;23.072
1584;64.26835593;23.07
1585;64.36635593;23.07
1586;64.51735593;23.068
1587;64.63335593;23.068
1588;64.68635593;23.067
1589;64.69535593;23.068
1590;64.63335593;23.067
1591;64.56235593;23.069
1592;64.54435593;23.069
1593;64.58035593;23.069
1594;64.64235593;23.068
1595;64.77535593;23.068
1596;64.90035593;23.067
1597;64.98035593;23.065
1598;65.04335593;23.067
1599;65.03435593;23.067
1600;65.00735593;23.066
1601;64.97135593;23.067
1602;64.92735593;23.066
1603;64.94535593;23.067
1604;65.05235593;23.067
1605;65.19435593;23.066
1606;65.26535593;23.065
1607;65.35435593;23.066
1608;65.39935593;23.066
1609;65.44335593;23.066
1610;65.44335593;23.064
1611;65.44335593;23.064
1612;65.51535593;23.064
1613;65.58635593;23.065
1614;65.67535593;23.066
1615;65.68435593;23.066
1616;65.72835593;23.067
1617;65.80835593;23.066
1618;65.85335593;23.067
1619;65.93335593;23.067
1620;66.03135593;23.066
1621;66.12935593;23.067
1622;66.15635593;23.067
1623;66.13835593;23.068
1624;66.06735593;23.068
1625;66.05835593;23.068
1626;66.04935593;23.066
1627;66.09335593;23.067
1628;66.17335593;23.067
1629;66.32535593;23.068
1630;66.42335593;23.068
1631;66.49435593;23.069
1632;66.54735593;23.068
1633;66.57435593;23.07
1634;66.58335593;23.07
1635;66.57435593;23.07
1636;66.57435593;23.069
1637;66.53935593;23.07
1638;66.58335593;23.07
1639;66.64535593;23.068
1640;66.71735593;23.069
1641;66.80635593;23.07
1642;66.83235593;23.071
1643;66.86835593;23.073
1644;66.96635593;23.071
1645;67.09135593;23.07
1646;67.13535593;23.066
1647;67.15335593;23.068
1648;67.16235593;23.067
1649;67.16235593;23.068
1650;67.16235593;23.066
1651;67.13535593;23.067
1652;67.10935593;23.066
1653;67.17135593;23.066
1654;67.27835593;23.068
1655;67.36735593;23.064
1656;67.47435593;23.064
1657;67.57235593;23.061
1658;67.58935593;23.062
1659;67.57235593;23.063
1660;67.52735593;23.064
1661;67.52735593;23.063
1662;67.58135593;23.062
1663;67.57235593;23.061
1664;67.60735593;23.063
1665;67.67035593;23.062
1666;67.76835593;23.063
1667;67.86535593;23.061
1668;67.94635593;23.064
1669;67.95535593;23.063
1670;67.92835593;23.062
1671;67.90135593;23.062
1672;67.89235593;23.063
1673;67.91035593;23.064
1674;67.91935593;23.063
1675;67.98135593;23.063
1676;68.10635593;23.064
1677;68.21335593;23.063
1678;68.26635593;23.064
1679;68.26635593;23.065
1680;68.29335593;23.066
1681;68.27535593;23.064
1682;68.28435593;23.064
1683;68.29335593;23.066
1684;68.38235593;23.065
1685;68.46235593;23.066
1686;68.52535593;23.064
1687;68.57835593;23.064
1688;68.64935593;23.063
1689;68.73835593;23.063
1690;68.76535593;23.063
1691;68.81835593;23.064
1692;68.81035593;23.066
1693;68.89035593;23.064
1694;68.90835593;23.063
1695;68.89935593;23.064
1696;68.96135593;23.064
1697;69.05035593;23.064
1698;69.12135593;23.063
1699;69.13935593;23.064
1700;69.12135593;23.065
1701;69.08635593;23.064
1702;69.09535593;23.064
1703;69.12135593;23.065
1704;69.14835593;23.065
1705;69.21035593;23.066
1706;69.29035593;23.065
1707;69.38035593;23.064
1708;69.44235593;23.065
1709;69.44235593;23.063
1710;69.47835593;23.066
1711;69.53135593;23.067
1712;69.58435593;23.064
1713;69.61135593;23.064
1714;69.62035593;23.065
1715;69.62935593;23.064
1716;69.63835593;23.064
1717;69.68235593;23.065
1718;69.77135593;23.066
1719;69.86135593;23.065
1720;69.94135593;23.064
1721;69.99435593;23.064
1722;69.97635593;23.064
1723;70.01235593;23.066
1724;70.04835593;23.066
1725;70.11935593;23.066
1726;70.15435593;23.064
1727;70.24435593;23.065
1728;70.30635593;23.064
1729;70.32435593;23.064
1730;70.30635593;23.064
1731;70.33335593;23.064
1732;70.40435593;23.064
1733;70.46635593;23.064
1734;70.60035593;23.064
1735;70.75135593;23.063
1736;70.82335593;23.063
1737;70.77835593;23.064
1738;70.69835593;23.064
1739;70.65335593;23.063
1740;70.64435593;23.064
1741;70.67135593;23.064
1742;70.72535593;23.064
1743;70.85835593;23.062
1744;71.00135593;23.063
1745;71.10835593;23.065
1746;71.16135593;23.064
1747;71.14335593;23.064
1748;71.08135593;23.065
1749;71.02735593;23.065
1750;71.03635593;23.066
1751;71.11635593;23.066
1752;71.25035593;23.066
1753;71.35735593;23.064
1754;71.41035593;23.066
1755;71.42835593;23.065
1756;71.41935593;23.066
1757;71.40235593;23.064
1758;71.40235593;23.065
1759;71.44635593;23.065
1760;71.55335593;23.066
1761;71.65135593;23.066
1762;71.69535593;23.066
1763;71.71335593;23.065
1764;71.69535593;23.066
1765;71.66935593;23.065
1766;71.66935593;23.067
1767;71.69535593;23.066
1768;71.77635593;23.068
1769;71.87435593;23.067
1770;71.98935593;23.067
1771;72.06135593;23.066
1772;72.11435593;23.065
1773;72.14135593;23.066
1774;72.15035593;23.068
1775;72.14135593;23.066
1776;72.14135593;23.068
1777;72.20335593;23.066
1778;72.30135593;23.067
1779;72.42635593;23.067
1780;72.49735593;23.068
1781;72.53335593;23.069
1782;72.54235593;23.069
1783;72.56035593;23.067
1784;72.56935593;23.07
1785;72.60435593;23.069
1786;72.71135593;23.07
1787;72.80935593;23.069
1788;72.86335593;23.071
1789;72.83635593;23.071
1790;72.83635593;23.07
1791;72.85435593;23.069
1792;72.86335593;23.07
1793;72.93435593;23.07
1794;73.01435593;23.069
1795;73.13035593;23.07
1796;73.17435593;23.071
1797;73.17435593;23.071
1798;73.15635593;23.07
1799;73.16535593;23.068
1800;73.20135593;23.071
1801;73.26335593;23.07
1802;73.37935593;23.071
1803;73.52235593;23.07
1804;73.61135593;23.07
1805;73.62935593;23.07
1806;73.62035593;23.071
1807;73.63835593;23.071
1808;73.66435593;23.073
1809;73.69135593;23.07
1810;73.75335593;23.071
1811;73.83435593;23.071
1812;73.90535593;23.072
1813;73.95835593;23.072
1814;73.98535593;23.071
1815;73.98535593;23.071
1816;74.03035593;23.072
1817;74.04735593;23.073
1818;74.09235593;23.073
1819;74.17235593;23.075
1820;74.21735593;23.074
1821;74.25235593;23.072
1822;74.27935593;23.074
1823;74.34135593;23.073
1824;74.36835593;23.073
1825;74.39535593;23.073
1826;74.49335593;23.076
1827;74.58235593;23.073
1828;74.61835593;23.073
1829;74.62735593;23.075
1830;74.58235593;23.076
1831;74.57335593;23.074
1832;74.57335593;23.074
1833;74.62735593;23.073
1834;74.71635593;23.074
1835;74.84935593;23.076
1836;74.99235593;23.073
1837;75.07235593;23.074
1838;75.09935593;23.076
1839;75.07235593;23.075
1840;75.05435593;23.074
1841;75.05435593;23.075
1842;75.09035593;23.076
1843;75.18835593;23.074
1844;75.27735593;23.075
1845;75.33035593;23.074
1846;75.35735593;23.077
1847;75.38435593;23.078
1848;75.42035593;23.075
1849;75.47335593;23.075
1850;75.52635593;23.075
1851;75.59835593;23.076
1852;75.71435593;23.074
1853;75.77635593;23.076
1854;75.77635593;23.077
1855;75.74935593;23.077
1856;75.73135593;23.075
1857;75.76735593;23.079
1858;75.85635593;23.076
1859;75.95435593;23.079
1860;76.05235593;23.079
1861;76.17735593;23.078
1862;76.23935593;23.078
1863;76.24835593;23.078
1864;76.22235593;23.079
1865;76.19535593;23.079
1866;76.19535593;23.079
1867;76.17735593;23.079
1868;76.20435593;23.079
1869;76.28435593;23.079
1870;76.42635593;23.08
1871;76.56935593;23.079
1872;76.64035593;23.081
1873;76.64935593;23.08
1874;76.63135593;23.08
1875;76.58735593;23.08
1876;76.56035593;23.077
1877;76.54235593;23.08
1878;76.57835593;23.079
1879;76.64935593;23.08
1880;76.72135593;23.077
1881;76.81935593;23.08
1882;76.88135593;23.08
1883;76.94335593;23.081
1884;77.00635593;23.08
1885;76.97035593;23.082
1886;76.95235593;23.081
1887;76.97935593;23.08
1888;77.05035593;23.08
1889;77.10435593;23.08
1890;77.09535593;23.081
1891;77.10435593;23.081
1892;77.13935593;23.08
1893;77.20235593;23.08
1894;77.28235593;23.081
1895;77.32635593;23.081
1896;77.40735593;23.081
1897;77.45135593;23.081
1898;77.48735593;23.081
1899;77.38935593;23.082
1900;77.36235593;23.082
1901;77.37135593;23.082
1902;77.43335593;23.08
1903;77.52335593;23.081
1904;77.62935593;23.08
1905;77.79935593;23.081
1906;77.90635593;23.081
1907;77.92435593;23.083
1908;77.87935593;23.081
1909;77.79035593;23.083
1910;77.74535593;23.081
1911;77.73635593;23.081
1912;77.78135593;23.083
1913;77.87935593;23.081
1914;77.97735593;23.082
1915;78.11135593;23.081
1916;78.26235593;23.082
1917;78.35135593;23.083
1918;78.33435593;23.083
1919;78.29835593;23.083
1920;78.24435593;23.081
1921;78.20935593;23.081
1922;78.20935593;23.082
1923;78.26235593;23.083
1924;78.36035593;23.081
1925;78.46735593;23.081
1926;78.54735593;23.083
1927;78.58335593;23.083
1928;78.58335593;23.081
1929;78.59235593;23.081
1930;78.60135593;23.083
1931;78.61035593;23.085
1932;78.69035593;23.084
1933;78.80635593;23.084
1934;78.85935593;23.085
1935;78.88635593;23.084
1936;78.83335593;23.083
1937;78.84235593;23.083
1938;78.86835593;23.083
1939;78.91335593;23.084
1940;78.98435593;23.084
1941;79.12735593;23.084
1942;79.22535593;23.083
1943;79.33235593;23.083
1944;79.33235593;23.083
1945;79.28735593;23.085
1946;79.25135593;23.084
1947;79.21635593;23.083
1948;79.16235593;23.086
1949;79.18035593;23.084
1950;79.19835593;23.084
1951;79.27835593;23.085
1952;79.34135593;23.084
1953;79.43035593;23.083
1954;79.49235593;23.083
1955;79.50135593;23.084
1956;79.49235593;23.084
1957;79.43935593;23.081
1958;79.40335593;23.085
1959;79.39435593;23.084
1960;79.36735593;23.084
1961;79.36735593;23.084
1962;79.41235593;23.084
1963;79.51035593;23.083
1964;79.54635593;23.083
1965;79.59035593;23.084
1966;79.61735593;23.083
1967;79.59035593;23.082
1968;79.59035593;23.083
1969;79.53735593;23.083
1970;79.49235593;23.083
1971;79.43935593;23.085
1972;79.42135593;23.083
1973;79.43035593;23.085
1974;79.44835593;23.085
1975;79.45635593;23.084
1976;79.43935593;23.084
1977;79.45635593;23.083
1978;79.43935593;23.084
1979;79.44835593;23.084
1980;79.44835593;23.084
1981;79.46535593;23.086
1982;79.48335593;23.085
1983;79.50135593;23.085
1984;79.47435593;23.084
1985;79.43935593;23.084
1986;79.39435593;23.084
1987;79.37635593;23.086
1988;79.37635593;23.084
1989;79.41235593;23.083
1990;79.43035593;23.085
1991;79.49235593;23.085
1992;79.51935593;23.084
1993;79.55535593;23.083
1994;79.58135593;23.085
1995;79.60835593;23.085
1996;79.71535593;23.083
1997;79.74235593;23.084
1998;79.72435593;23.084
1999;79.65335593;23.084
2000;79.67035593;23.083
2001;79.74235593;23.086
2002;79.82235593;23.083
2003;79.96535593;23.085
2004;80.13435593;23.083
2005;80.22335593;23.085
2006;80.27635593;23.085
2007;80.20535593;23.086
2008;80.12535593;23.085
2009;80.08935593;23.084
2010;80.07135593;23.086
2011;80.14335593;23.084
2012;80.26835593;23.086
2013;80.38335593;23.086
2014;80.47335593;23.084
2015;80.52635593;23.085
2016;80.54435593;23.084
2017;80.46435593;23.083
2018;80.43735593;23.084
2019;80.38335593;23.083
2020;80.45535593;23.085
2021;80.55335593;23.085
2022;80.66035593;23.085
2023;80.74935593;23.084
2024;80.78535593;23.085
2025;80.83835593;23.086
2026;80.82935593;23.086
2027;80.85635593;23.085
2028;80.93635593;23.084
2029;81.03435593;23.087
2030;81.09635593;23.086
2031;81.13235593;23.086
2032;81.13235593;23.086
2033;81.13235593;23.085
2034;81.17735593;23.086
2035;81.23935593;23.086
2036;81.36435593;23.084
2037;81.50735593;23.089
2038;81.62235593;23.087
2039;81.66735593;23.087
2040;81.65835593;23.089
2041;81.56935593;23.087
2042;81.53335593;23.086
2043;81.55135593;23.088
2044;81.60535593;23.085
2045;81.72035593;23.087
2046;81.84535593;23.088
2047;81.96135593;23.087
2048;82.04135593;23.087
2049;82.01535593;23.088
2050;81.97935593;23.087
2051;81.93435593;23.088
2052;81.97035593;23.087
2053;81.97035593;23.09
2054;82.08635593;23.088
2055;82.24635593;23.087
2056;82.34435593;23.087
2057;82.38935593;23.089
2058;82.38935593;23.087
2059;82.38935593;23.087
2060;82.38935593;23.089
2061;82.43435593;23.088
2062;82.54135593;23.087
2063;82.69235593;23.087
2064;82.75535593;23.088
2065;82.78135593;23.087
2066;82.81735593;23.087
2067;82.79035593;23.089
2068;82.79035593;23.087
2069;82.80835593;23.089
2070;82.88835593;23.087
2071;83.01335593;23.088
2072;83.08435593;23.087
2073;83.12935593;23.088
2074;83.16535593;23.089
2075;83.17435593;23.087
2076;83.21835593;23.089
2077;83.28935593;23.086
2078;83.37935593;23.089
2079;83.48635593;23.089
2080;83.56635593;23.088
2081;83.53035593;23.088
2082;83.50335593;23.087
2083;83.45935593;23.087
2084;83.43235593;23.089
2085;83.47735593;23.087
2086;83.60135593;23.089
2087;83.77135593;23.087
2088;83.90535593;23.088
2089;83.99435593;23.089
2090;84.02035593;23.087
2091;84.01235593;23.09
2092;83.95835593;23.088
2093;83.86935593;23.089
2094;83.90535593;23.089
2095;83.98535593;23.088
2096;84.08335593;23.087
2097;84.23435593;23.089
2098;84.35935593;23.09
2099;84.43135593;23.088
2100;84.44835593;23.089
2101;84.42235593;23.09
2102;84.33235593;23.089
2103;84.28835593;23.089
2104;84.27935593;23.09
2105;84.31535593;23.088
2106;84.45735593;23.09
2107;84.59135593;23.088
2108;84.69835593;23.089
2109;84.78735593;23.092
2110;84.83235593;23.092
2111;84.81435593;23.09
2112;84.76035593;23.089
2113;84.71635593;23.09
2114;84.72535593;23.092
2115;84.79635593;23.09
2116;84.86735593;23.09
2117;84.97435593;23.093
2118;85.05535593;23.092
2119;85.16235593;23.09
2120;85.21535593;23.093
2121;85.29535593;23.093
2122;85.37635593;23.093
2123;85.44735593;23.093
2124;85.44735593;23.093
2125;85.42935593;23.093
2126;85.45635593;23.092
2127;85.45635593;23.09
2128;85.53635593;23.091
2129;85.63435593;23.093
2130;85.77735593;23.093
2131;85.91135593;23.093
2132;85.99135593;23.093
2133;85.96435593;23.093
2134;85.91135593;23.093
2135;85.89335593;23.092
2136;85.88435593;23.092
2137;85.86635593;23.092
2138;85.91135593;23.093
2139;86.01835593;23.093
2140;86.17835593;23.092
2141;86.32135593;23.093
2142;86.40135593;23.093
2143;86.42835593;23.093
2144;86.40135593;23.094
2145;86.32135593;23.093
2146;86.24935593;23.093
2147;86.24135593;23.094
2148;86.31235593;23.093
2149;86.40135593;23.094
2150;86.54435593;23.093
2151;86.66035593;23.093
2152;86.74935593;23.095
2153;86.82935593;23.094
2154;86.84735593;23.095
2155;86.80235593;23.096
2156;86.74035593;23.095
2157;86.72235593;23.095
2158;86.74935593;23.096
2159;86.84735593;23.096
2160;86.98135593;23.094
2161;87.14135593;23.096
2162;87.24835593;23.097
2163;87.31135593;23.098
2164;87.33735593;23.097
2165;87.29335593;23.099
2166;87.23935593;23.096
2167;87.18635593;23.094
2168;87.16835593;23.096
2169;87.26635593;23.097
2170;87.43535593;23.096
2171;87.56935593;23.099
2172;87.64035593;23.099
2173;87.66735593;23.099
2174;87.66735593;23.099
2175;87.66735593;23.098
2176;87.67635593;23.097
2177;87.71235593;23.099
2178;87.83735593;23.097
2179;88.00635593;23.097
2180;88.09535593;23.097
2181;88.12235593;23.097
2182;88.13135593;23.098
2183;88.12235593;23.1
2184;88.08635593;23.097
2185;88.09535593;23.099
2186;88.22035593;23.098
2187;88.32735593;23.098
2188;88.37235593;23.099
2189;88.36335593;23.098
2190;88.40735593;23.099
2191;88.42535593;23.099
2192;88.48835593;23.098
2193;88.58635593;23.099
2194;88.72835593;23.1
2195;88.80035593;23.1
2196;88.81835593;23.098
2197;88.80035593;23.099
2198;88.76435593;23.1
2199;88.78235593;23.101
2200;88.81835593;23.1
2201;88.92535593;23.1
2202;89.09435593;23.1
2203;89.23735593;23.1
2204;89.29935593;23.102
2205;89.33535593;23.1
2206;89.29935593;23.101
2207;89.22835593;23.101
2208;89.16535593;23.1
2209;89.13035593;23.1
2210;89.14835593;23.1
2211;89.26335593;23.101
2212;89.41535593;23.1
2213;89.55835593;23.102
2214;89.70035593;23.102
2215;89.71835593;23.1
2216;89.73635593;23.102
2217;89.72735593;23.101
2218;89.71835593;23.102
2219;89.79935593;23.099
2220;89.93235593;23.102
2221;90.03035593;23.103
2222;90.06635593;23.102
2223;90.07535593;23.102
2224;90.07535593;23.102
2225;90.13835593;23.102
2226;90.24535593;23.102
2227;90.42335593;23.102
2228;90.49435593;23.102
2229;90.53935593;23.103
2230;90.52135593;23.102
2231;90.41435593;23.102
2232;90.36935593;23.102
2233;90.39635593;23.101
2234;90.46835593;23.103
2235;90.55735593;23.102
2236;90.65535593;23.104
2237;90.75335593;23.103
2238;90.84235593;23.102
2239;90.86035593;23.103
2240;90.85135593;23.102
2241;90.83335593;23.103
2242;90.88735593;23.101
2243;90.89635593;23.103
2244;90.86935593;23.105
2245;90.87835593;23.103
2246;90.94035593;23.103
2247;91.07435593;23.103
2248;91.23535593;23.104
2249;91.41335593;23.103
2250;91.52035593;23.103
2251;91.54735593;23.104
2252;91.49335593;23.103
2253;91.44035593;23.103
2254;91.41335593;23.103
2255;91.44935593;23.102
2256;91.50235593;23.103
2257;91.60035593;23.103
2258;91.68935593;23.105
2259;91.76135593;23.104
2260;91.77935593;23.103
2261;91.80535593;23.103
2262;91.81435593;23.103
2263;91.84135593;23.104
2264;91.93935593;23.103
2265;92.09135593;23.102
2266;92.18935593;23.103
2267;92.21635593;23.104
2268;92.19835593;23.106
2269;92.22535593;23.104
2270;92.23435593;23.103
2271;92.32335593;23.103
2272;92.46535593;23.104
2273;92.56435593;23.104
2274;92.62635593;23.102
2275;92.62635593;23.103
2276;92.64435593;23.102
2277;92.64435593;23.103
2278;92.64435593;23.103
2279;92.70635593;23.103
2280;92.85835593;23.105
2281;92.95635593;23.105
2282;92.96535593;23.107
2283;92.92035593;23.106
2284;92.93835593;23.106
2285;93.01035593;23.105
2286;93.08135593;23.106
2287;93.19735593;23.109
2288;93.32235593;23.108
2289;93.42935593;23.109
2290;93.48235593;23.11
2291;93.42935593;23.111
2292;93.34935593;23.11
2293;93.31335593;23.11
2294;93.30435593;23.107
2295;93.36635593;23.11
2296;93.48235593;23.109
2297;93.58035593;23.111
2298;93.64335593;23.11
2299;93.64335593;23.11
2300;93.62535593;23.11
2301;93.64335593;23.109
2302;93.65235593;23.111
2303;93.72335593;23.11
2304;93.73235593;23.112
2305;93.74135593;23.11
2306;93.71435593;23.11
2307;93.78635593;23.112
2308;93.91135593;23.111
2309;94.08035593;23.113
2310;94.17835593;23.113
2311;94.22335593;23.116
2312;94.19635593;23.116
2313;94.17835593;23.115
2314;94.20535593;23.114
2315;94.24135593;23.115
2316;94.33035593;23.115
2317;94.42835593;23.117
2318;94.51735593;23.118
2319;94.54435593;23.115
2320;94.55335593;23.118
2321;94.54435593;23.118
2322;94.54435593;23.118
2323;94.57135593;23.116
2324;94.70535593;23.118
2325;94.82935593;23.118
2326;94.90135593;23.116
2327;94.95435593;23.119
2328;94.95435593;23.118
2329;94.93635593;23.119
2330;94.97235593;23.118
2331;95.04435593;23.118
2332;95.16835593;23.118
2333;95.26735593;23.119
2334;95.29335593;23.118
2335;95.32935593;23.118
2336;95.39135593;23.116
2337;95.41835593;23.118
2338;95.47235593;23.118
2339;95.57935593;23.119
2340;95.65035593;23.116
2341;95.70435593;23.119
2342;95.69535593;23.117
2343;95.66835593;23.118
2344;95.66835593;23.118
2345;95.73035593;23.118
2346;95.84635593;23.116
2347;96.01635593;23.119
2348;96.11435593;23.12
2349;96.23035593;23.119
2350;96.25735593;23.119
2351;96.24835593;23.121
2352;96.19435593;23.119
2353;96.17735593;23.12
2354;96.15935593;23.119
2355;96.22135593;23.119
2356;96.31935593;23.12
2357;96.40935593;23.119
2358;96.52535593;23.12
2359;96.59635593;23.12
2360;96.65835593;23.12
2361;96.73035593;23.12
2362;96.76535593;23.119
2363;96.82835593;23.12
2364;96.82835593;23.119
2365;96.75735593;23.12
2366;96.71235593;23.119
2367;96.66735593;23.12
2368;96.73935593;23.12
2369;96.87335593;23.12
2370;97.02435593;23.119
2371;97.14935593;23.12
2372;97.26535593;23.12
2373;97.39035593;23.12
2374;97.37235593;23.119
2375;97.29235593;23.121
2376;97.16735593;23.121
2377;97.12235593;23.12
2378;97.12235593;23.119
2379;97.20335593;23.121
2380;97.30135593;23.119
2381;97.40835593;23.12
2382;97.48835593;23.12
2383;97.53335593;23.12
2384;97.58635593;23.119
2385;97.61335593;23.12
2386;97.57735593;23.12
2387;97.59535593;23.118
2388;97.66735593;23.12
2389;97.70235593;23.12
2390;97.72035593;23.118
2391;97.72935593;23.12
2392;97.76535593;23.122
2393;97.76535593;23.12
2394;97.89935593;23.119
2395;98.02435593;23.119
2396;98.14835593;23.12
2397;98.23835593;23.121
2398;98.25635593;23.122
2399;98.18435593;23.12
2400;98.11335593;23.121
2401;98.10435593;23.12
2402;98.15735593;23.122
2403;98.22935593;23.12
2404;98.34535593;23.12
2405;98.46135593;23.122
2406;98.55035593;23.121
2407;98.57735593;23.122
2408;98.49635593;23.122
2409;98.38935593;23.12
2410;98.32735593;23.121
2411;98.35435593;23.123
2412;98.40735593;23.122
2413;98.56835593;23.12
2414;98.69335593;23.123
2415;98.82735593;23.124
2416;98.81835593;23.123
2417;98.76435593;23.123
2418;98.67535593;23.123
2419;98.56835593;23.123
2420;98.53235593;23.122
2421;98.56835593;23.122
2422;98.65735593;23.122
2423;98.76435593;23.124
2424;98.86235593;23.122
2425;98.95235593;23.124
2426;98.95235593;23.123
2427;98.88035593;23.122
2428;98.79135593;23.123
2429;98.79135593;23.122
2430;98.81835593;23.123
2431;98.91635593;23.121
2432;99.05935593;23.123
2433;99.16635593;23.125
2434;99.20135593;23.123
2435;99.21035593;23.126
2436;99.23735593;23.126
2437;99.28235593;23.126
2438;99.31735593;23.125
2439;99.36235593;23.127
2440;99.36235593;23.126
2441;99.31735593;23.129
2442;99.32635593;23.123
2443;99.37135593;23.126
2444;99.43335593;23.127
2445;99.55835593;23.125
2446;99.71035593;23.129
2447;99.78135593;23.129
2448;99.77335593;23.13
2449;99.71935593;23.128
2450;99.68335593;23.13
2451;99.60335593;23.129
2452;99.59435593;23.13
2453;99.66535593;23.129
2454;99.79935593;23.129
2455;99.91535593;23.127
2456;99.99635593;23.129
2457;100.0403559;23.127
2458;100.0223559;23.128
2459;99.96935593;23.129
2460;99.94235593;23.129
2461;99.98735593;23.128
2462;100.0583559;23.129
2463;100.1563559;23.129
2464;100.2453559;23.128
2465;100.2903559;23.129
2466;100.3173559;23.127
2467;100.3703559;23.126
2468;100.4603559;23.126
2469;100.5313559;23.126
2470;100.5583559;23.125
2471;100.5313559;23.126
2472;100.4953559;23.124
2473;100.4953559;23.124
2474;100.5493559;23.125
2475;100.6473559;23.126
2476;100.7723559;23.125
2477;100.9063559;23.125
2478;100.9513559;23.125
2479;100.9773559;23.123
2480;100.9593559;23.123
2481;100.9773559;23.126
2482;101.0493559;23.125
2483;101.1653559;23.123
2484;101.2453559;23.124
2485;101.2723559;23.124
2486;101.3163559;23.126
2487;101.3343559;23.125
2488;101.3523559;23.126
2489;101.3433559;23.125
2490;101.3883559;23.126
2491;101.4863559;23.125
2492;101.5663559;23.125
2493;101.6113559;23.128
2494;101.6203559;23.125
2495;101.5753559;23.126
2496;101.5483559;23.128
2497;101.5933559;23.126
2498;101.6913559;23.128
2499;101.8433559;23.127
2500;101.9503559;23.128
2501;101.9953559;23.128
2502;102.0133559;23.128
2503;101.9503559;23.129
2504;101.9143559;23.128
2505;101.8973559;23.126
2506;101.9413559;23.128
2507;102.0393559;23.129
2508;102.1913559;23.129
2509;102.3073559;23.131
2510;102.4053559;23.131
2511;102.4233559;23.131
2512;102.3963559;23.131
2513;102.3523559;23.13
2514;102.3253559;23.129
2515;102.3963559;23.13
2516;102.5123559;23.129
2517;102.6023559;23.13
2518;102.7003559;23.132
2519;102.7893559;23.13
2520;102.8253559;23.133
2521;102.8523559;23.131
2522;102.8873559;23.132
2523;102.9503559;23.131
2524;103.0573559;23.132
2525;103.1103559;23.131
2526;103.1643559;23.133
2527;103.1373559;23.133
2528;103.1283559;23.133
2529;103.1733559;23.131
2530;103.2263559;23.132
2531;103.4323559;23.132
2532;103.5923559;23.132
2533;103.6823559;23.133
2534;103.6913559;23.135
2535;103.6823559;23.135
2536;103.6463559;23.135
2537;103.6103559;23.135
2538;103.6193559;23.135
2539;103.7083559;23.133
2540;103.8073559;23.132
2541;103.9143559;23.135
2542;104.0033559;23.136
2543;104.0483559;23.136
2544;104.0743559;23.136
2545;104.0923559;23.135
2546;104.1103559;23.135
2547;104.1643559;23.135
2548;104.2533559;23.133
2549;104.3693559;23.138
2550;104.4053559;23.137
2551;104.4583559;23.138
2552;104.4583559;23.138
2553;104.5213559;23.138
2554;104.6373559;23.138
2555;104.7533559;23.136
2556;104.8333559;23.138
2557;104.8873559;23.138
2558;104.8963559;23.139
2559;104.8873559;23.138
2560;104.8783559;23.14
2561;104.9133559;23.139
2562;104.9493559;23.138
2563;105.0563559;23.138
2564;105.1463559;23.14
2565;105.2263559;23.14
2566;105.2973559;23.141
2567;105.3063559;23.141
2568;105.3423559;23.141
2569;105.3953559;23.142
2570;105.5123559;23.14
2571;105.6193559;23.142
2572;105.6633559;23.142
2573;105.7353559;23.143
2574;105.7613559;23.145
2575;105.7443559;23.144
2576;105.7533559;23.145
2577;105.7703559;23.142
2578;105.8333559;23.145
2579;105.9673559;23.145
2580;106.0473559;23.146
2581;106.1013559;23.147
2582;106.1193559;23.146
2583;106.1013559;23.146
2584;106.0653559;23.145
2585;106.0563559;23.145
2586;106.1193559;23.146
2587;106.2353559;23.146
2588;106.3603559;23.146
2589;106.4583559;23.145
2590;106.5113559;23.145
2591;106.5203559;23.145
2592;106.4853559;23.144
2593;106.4403559;23.145
2594;106.4043559;23.145
2595;106.4043559;23.146
2596;106.5023559;23.146
2597;106.6103559;23.145
2598;106.6903559;23.145
2599;106.7523559;23.146
2600;106.7793559;23.142
2601;106.7973559;23.143
2602;106.7703559;23.144
2603;106.8333559;23.142
2604;106.9223559;23.144
2605;107.0113559;23.141
2606;107.0923559;23.142
2607;107.1363559;23.143
2608;107.1363559;23.145
2609;107.1103559;23.144
2610;107.1103559;23.145
2611;107.1363559;23.142
2612;107.2433559;23.143
2613;107.3423559;23.143
2614;107.4223559;23.145
2615;107.4403559;23.145
2616;107.4223559;23.147
2617;107.4493559;23.146
2618;107.4763559;23.146
2619;107.5743559;23.146
2620;107.6543559;23.147
2621;107.7263559;23.15
2622;107.7613559;23.148
2623;107.7433559;23.149
2624;107.7343559;23.15
2625;107.7433559;23.149
2626;107.8063559;23.148
2627;107.8863559;23.149
2628;107.9933559;23.152
2629;108.1273559;23.152
2630;108.1183559;23.154
2631;108.1453559;23.153
2632;108.0923559;23.152
2633;108.0743559;23.153
2634;108.0923559;23.151
2635;108.1723559;23.152
2636;108.2973559;23.152
2637;108.3863559;23.154
2638;108.4583559;23.157
2639;108.4753559;23.156
2640;108.4223559;23.154
2641;108.3683559;23.156
2642;108.4133559;23.154
2643;108.4583559;23.155
2644;108.5563559;23.157
2645;108.6903559;23.158
2646;108.7703559;23.159
2647;108.7883559;23.16
2648;108.7343559;23.159
2649;108.6723559;23.159
2650;108.6543559;23.159
2651;108.6903559;23.159
2652;108.7433559;23.161
2653;108.8243559;23.159
2654;108.9583559;23.159
2655;109.0653559;23.16
2656;109.1543559;23.16
2657;109.1813559;23.162
2658;109.2343559;23.162
2659;109.3243559;23.162
2660;109.3773559;23.163
2661;109.3153559;23.164
2662;109.2253559;23.162
2663;109.2433559;23.161
2664;109.2793559;23.162
2665;109.3683559;23.16
2666;109.4843559;23.162
2667;109.6273559;23.165
2668;109.8063559;23.164
2669;109.8863559;23.165
2670;109.9223559;23.168
2671;109.8513559;23.167
2672;109.7703559;23.167
2673;109.7173559;23.165
2674;109.7173559;23.164
2675;109.8063559;23.165
2676;109.9493559;23.164
2677;110.1273559;23.166
2678;110.2523559;23.168
2679;110.2973559;23.169
2680;110.3153559;23.169
2681;110.2523559;23.169
2682;110.1723559;23.168
2683;110.1363559;23.167
2684;110.1183559;23.168
2685;110.1633559;23.167
2686;110.3063559;23.169
2687;110.3953559;23.168
2688;110.5113559;23.169
2689;110.6273559;23.171
2690;110.6903559;23.172
2691;110.6543559;23.17
2692;110.6093559;23.171
2693;110.5653559;23.171
2694;110.5563559;23.171
2695;110.5833559;23.171
2696;110.6633559;23.168
2697;110.7703559;23.171
2698;110.8243559;23.171
2699;110.9043559;23.172
2700;111.0203559;23.172
2701;111.0743559;23.173
2702;111.1183559;23.175
2703;111.1103559;23.177
2704;111.0743559;23.177
2705;111.0743559;23.175
2706;111.1013559;23.176
2707;111.2173559;23.173
2708;111.2613559;23.176
2709;111.3513559;23.177
2710;111.4223559;23.178
2711;111.4943559;23.179
2712;111.5203559;23.182
2713;111.5653559;23.182
2714;111.6723559;23.184
2715;111.7703559;23.185
2716;111.7973559;23.188
2717;111.7793559;23.188
2718;111.7613559;23.188
2719;111.7613559;23.187
2720;111.7523559;23.187
2721;111.8783559;23.186
2722;112.0203559;23.187
2723;112.1633559;23.19
2724;112.2623559;23.187
2725;112.2793559;23.188
2726;112.2883559;23.186
2727;112.2173559;23.187
2728;112.1193559;23.19
2729;112.0923559;23.189
2730;112.0743559;23.188
2731;112.1283559;23.188
2732;112.2173559;23.188
2733;112.3333559;23.19
2734;112.4493559;23.188
2735;112.5653559;23.187
2736;112.6193559;23.186
2737;112.5833559;23.187
2738;112.5203559;23.187
2739;112.4763559;23.187
2740;112.4583559;23.188
2741;112.5293559;23.188
2742;112.6463559;23.188
2743;112.7263559;23.186
2744;112.8063559;23.189
2745;112.8603559;23.187
2746;112.8963559;23.189
2747;112.8693559;23.187
2748;112.8333559;23.187
2749;112.8513559;23.188
2750;112.9223559;23.187
2751;113.0653559;23.188
2752;113.1193559;23.19
2753;113.1373559;23.191
2754;113.1283559;23.19
2755;113.1193559;23.189
2756;113.1553559;23.19
2757;113.1813559;23.19
2758;113.3153559;23.19
2759;113.4053559;23.193
2760;113.4143559;23.193
2761;113.4143559;23.193
2762;113.3333559;23.192
2763;113.2713559;23.193
2764;113.2353559;23.191
2765;113.3153559;23.188
2766;113.4493559;23.19
2767;113.5833559;23.192
2768;113.7083559;23.193
2769;113.7893559;23.193
2770;113.7983559;23.193
2771;113.7533559;23.192
2772;113.6813559;23.192
2773;113.5923559;23.191
2774;113.5833559;23.191
2775;113.6643559;23.193
2776;113.7983559;23.193
2777;113.8963559;23.193
2778;114.0123559;23.193
2779;114.1103559;23.194
2780;114.0923559;23.194
2781;114.0123559;23.193
2782;113.9233559;23.194
2783;113.8073559;23.193
2784;113.8153559;23.193
2785;113.9053559;23.192
2786;114.0033559;23.194
2787;114.0663559;23.193
2788;114.2083559;23.194
2789;114.3073559;23.196
2790;114.3963559;23.195
2791;114.3693559;23.195
2792;114.3163559;23.194
2793;114.2623559;23.195
2794;114.2713559;23.195
2795;114.3163559;23.194
2796;114.4233559;23.194
2797;114.5393559;23.195
2798;114.6373559;23.197
2799;114.6823559;23.197
2800;114.6913559;23.197
2801;114.6283559;23.197
2802;114.6013559;23.196
2803;114.5843559;23.196
2804;114.6013559;23.195
2805;114.6823559;23.197
2806;114.7623559;23.195
2807;114.8513559;23.197
2808;114.8783559;23.196
2809;114.8603559;23.198
2810;114.8693559;23.197
2811;114.9323559;23.197
2812;115.0303559;23.2
2813;115.1463559;23.201
2814;115.2183559;23.204
2815;115.2183559;23.201
2816;115.1733559;23.202
2817;115.1373559;23.202
2818;115.1463559;23.201
2819;115.2273559;23.201
2820;115.3433559;23.202
2821;115.4683559;23.203
2822;115.5573559;23.206
2823;115.6733559;23.206
2824;115.6733559;23.206
2825;115.6463559;23.206
2826;115.6293559;23.204
2827;115.6463559;23.204
2828;115.7093559;23.205
2829;115.7273559;23.205
2830;115.7623559;23.205
2831;115.8703559;23.206
2832;115.9683559;23.209
2833;116.0753559;23.209
2834;116.2183559;23.211
2835;116.2813559;23.213
2836;116.2983559;23.212
2837;116.2363559;23.213
2838;116.1733559;23.211
2839;116.1203559;23.213
2840;116.0933559;23.21
2841;116.1113559;23.211
2842;116.1643559;23.211
2843;116.3433559;23.211
2844;116.5043559;23.211
2845;116.6383559;23.213
2846;116.7183559;23.217
2847;116.7543559;23.216
2848;116.7003559;23.215
2849;116.6023559;23.217
2850;116.5493559;23.216
2851;116.5133559;23.214
2852;116.5313559;23.212
2853;116.6293559;23.214
2854;116.7633559;23.213
2855;116.9063559;23.215
2856;116.9863559;23.216
2857;117.0493559;23.217
2858;117.0843559;23.216
2859;117.1023559;23.217
2860;117.0933559;23.217
2861;117.0933559;23.216
2862;117.0763559;23.217
2863;117.0843559;23.217
2864;117.1653559;23.218
2865;117.2723559;23.216
2866;117.4603559;23.22
2867;117.5943559;23.219
2868;117.6833559;23.22
2869;117.7013559;23.219
2870;117.6563559;23.217
2871;117.5853559;23.217
2872;117.5313559;23.22
2873;117.5133559;23.22
2874;117.5493559;23.218
2875;117.6563559;23.219
2876;117.8263559;23.219
2877;117.9873559;23.22
2878;118.1123559;23.219
2879;118.1393559;23.22
2880;118.1123559;23.22
2881;118.1123559;23.221
2882;118.1393559;23.219
2883;118.1923559;23.218
2884;118.2463559;23.22
2885;118.2903559;23.219
2886;118.3713559;23.221
2887;118.4423559;23.221
2888;118.5413559;23.219
2889;118.6663559;23.22
2890;118.7553559;23.222
2891;118.8173559;23.223
2892;118.8443559;23.224
2893;118.8093559;23.223
2894;118.7553559;23.223
2895;118.7463559;23.221
2896;118.8263559;23.222
2897;118.9253559;23.223
2898;119.0323559;23.224
2899;119.0853559;23.224
2900;119.1753559;23.227
2901;119.2023559;23.227
2902;119.2113559;23.226
2903;119.2373559;23.227
2904;119.3453559;23.227
2905;119.3803559;23.228
2906;119.3893559;23.23
2907;119.4253559;23.23
2908;119.4253559;23.231
2909;119.4793559;23.232
2910;119.5503559;23.232
2911;119.6483559;23.233
2912;119.7913559;23.234
2913;119.8363559;23.237
2914;119.8813559;23.237
2915;119.8723559;23.237
2916;119.8003559;23.237
2917;119.7553559;23.237
2918;119.7643559;23.236
2919;119.8543559;23.235
2920;119.9523559;23.236
2921;120.0683559;23.236
2922;120.1843559;23.239
2923;120.2653559;23.239
2924;120.2473559;23.237
2925;120.2203559;23.239
2926;120.1493559;23.239
2927;120.1403559;23.238
2928;120.1933559;23.237
2929;120.2653559;23.238
2930;120.3453559;23.237
2931;120.4263559;23.24
2932;120.5333559;23.238
2933;120.6223559;23.24
2934;120.7113559;23.236
2935;120.8103559;23.239
2936;120.8723559;23.239
2937;120.8993559;23.241
2938;120.8373559;23.24
2939;120.7203559;23.242
2940;120.6943559;23.24
2941;120.7293559;23.238
2942;120.8373559;23.24
2943;120.9793559;23.239
2944;121.1223559;23.242
2945;121.2213559;23.245
2946;121.2393559;23.246
2947;121.1853559;23.245
2948;121.0873559;23.245
2949;121.0153559;23.243
2950;121.0333559;23.242
2951;121.0963559;23.245
2952;121.2123559;23.243
2953;121.3553559;23.243
2954;121.4623559;23.245
2955;121.5163559;23.246
2956;121.5073559;23.247
2957;121.4533559;23.247
2958;121.4623559;23.248
2959;121.4983559;23.246
2960;121.6053559;23.247
2961;121.6853559;23.245
2962;121.7393559;23.247
2963;121.8013559;23.25
2964;121.8283559;23.25
2965;121.8553559;23.251
2966;121.9093559;23.25
2967;122.0523559;23.252
2968;122.1053559;23.253
2969;122.1593559;23.253
2970;122.1683559;23.253
2971;122.1143559;23.252
2972;122.0873559;23.252
2973;122.1143559;23.254
2974;122.2043559;23.252
2975;122.3023559;23.253
2976;122.4093559;23.253
2977;122.4543559;23.255
2978;122.4723559;23.255
2979;122.4983559;23.255
2980;122.4893559;23.255
2981;122.5073559;23.254
2982;122.6233559;23.254
2983;122.7223559;23.253
2984;122.7663559;23.256
2985;122.8293559;23.258
2986;122.8023559;23.255
2987;122.7843559;23.256
2988;122.7493559;23.256
2989;122.7493559;23.256
2990;122.7753559;23.257
2991;122.8833559;23.256
2992;122.9543559;23.256
2993;123.0083559;23.256
2994;123.0883559;23.259
2995;123.0883559;23.258
2996;123.1513559;23.258
2997;123.1773559;23.26
2998;123.2223559;23.259
2999;123.3113559;23.259
3000;123.3473559;23.259
3001;123.3293559;23.26
3002;123.2943559;23.259
3003;123.3113559;23.258
3004;123.3653559;23.258
3005;123.4543559;23.26
3006;123.5883559;23.26
3007;123.6873559;23.262
3008;123.7313559;23.263
3009;123.7053559;23.259
3010;123.6963559;23.261
3011;123.6333559;23.259
3012;123.6423559;23.259
3013;123.7233559;23.262
3014;123.8033559;23.26
3015;123.9103559;23.263
3016;123.9913559;23.262
3017;124.0353559;23.26
3018;124.0983559;23.263
3019;124.1513559;23.262
3020;124.1963559;23.263
3021;124.2143559;23.265
3022;124.1783559;23.262
3023;124.1693559;23.263
3024;124.1603559;23.263
3025;124.2413559;23.262
3026;124.3393559;23.263
3027;124.4733559;23.265
3028;124.5803559;23.266
3029;124.6433559;23.265
3030;124.6253559;23.265
3031;124.5983559;23.266
3032;124.5713559;23.265
3033;124.5363559;23.266
3034;124.5803559;23.265
3035;124.6973559;23.265
3036;124.7953559;23.267
3037;124.8843559;23.265
3038;124.9383559;23.266
3039;124.9473559;23.266
3040;124.9293559;23.268
3041;124.8933559;23.265
3042;124.9113559;23.268
3043;124.9653559;23.265
3044;125.0363559;23.269
3045;125.0993559;23.265
3046;125.1883559;23.268
3047;125.2683559;23.268
3048;125.3403559;23.268
3049;125.3583559;23.268
3050;125.3673559;23.27
3051;125.3583559;23.269
3052;125.3313559;23.27
3053;125.3043559;23.269
3054;125.3763559;23.269
3055;125.4923559;23.27
3056;125.6173559;23.269
3057;125.7243559;23.271
3058;125.7603559;23.271
3059;125.7333559;23.269
3060;125.6443559;23.269
3061;125.5993559;23.272
3062;125.6263559;23.271
3063;125.6973559;23.269
3064;125.8143559;23.27
3065;125.9303559;23.272
3066;125.9743559;23.27
3067;126.0193559;23.272
3068;126.0103559;23.271
3069;126.0553559;23.27
3070;126.0913559;23.27
3071;126.1983559;23.269
3072;126.2513559;23.273
3073;126.2963559;23.272
3074;126.2873559;23.272
3075;126.2963559;23.272
3076;126.3053559;23.271
3077;126.3943559;23.27
3078;126.4933559;23.272
3079;126.6003559;23.272
3080;126.6453559;23.273
3081;126.6453559;23.272
3082;126.6093559;23.275
3083;126.5293559;23.273
3084;126.5733559;23.273
3085;126.6723559;23.273
3086;126.7253559;23.272
3087;126.8413559;23.272
3088;126.9223559;23.271
3089;126.9753559;23.27
3090;127.0203559;23.27
3091;127.0563559;23.271
3092;127.0923559;23.27
3093;127.1093559;23.272
3094;127.0923559;23.27
3095;127.1093559;23.272
3096;127.1813559;23.272
3097;127.2703559;23.271
3098;127.3693559;23.268
3099;127.4493559;23.269
3100;127.4583559;23.27
3101;127.4943559;23.269
3102;127.4493559;23.27
3103;127.4493559;23.268
3104;127.5563559;23.27
3105;127.6553559;23.268
3106;127.7623559;23.268
3107;127.7983559;23.269
3108;127.8243559;23.27
3109;127.8603559;23.269
3110;127.9053559;23.269
3111;127.9583559;23.269
3112;128.0843559;23.27
3113;128.1823559;23.272
3114;128.2093559;23.27
3115;128.2363559;23.272
3116;128.2183559;23.27
3117;128.2003559;23.27
3118;128.2003559;23.27
3119;128.2273559;23.271
3120;128.3163559;23.272
3121;128.4233559;23.27
3122;128.5303559;23.273
3123;128.5753559;23.272
3124;128.5933559;23.273
3125;128.6203559;23.272
3126;128.6113559;23.274
3127;128.7093559;23.272
3128;128.7723559;23.273
3129;128.8703559;23.275
3130;128.9863559;23.276
3131;129.0223559;23.278
3132;128.9863559;23.279
3133;129.0313559;23.276
3134;129.0673559;23.277
3135;129.1653559;23.277
3136;129.3263559;23.278
3137;129.4603559;23.278
3138;129.5853559;23.28
3139;129.5763559;23.281
3140;129.5323559;23.282
3141;129.4873559;23.28
3142;129.4513559;23.281
3143;129.4873559;23.281
3144;129.6033559;23.281
3145;129.7373559;23.279
3146;129.8623559;23.282
3147;129.9343559;23.284
3148;129.9873559;23.284
3149;129.9783559;23.283
3150;129.8893559;23.284
3151;129.8273559;23.282
3152;129.8273559;23.283
3153;129.9523559;23.282
3154;130.0953559;23.283
3155;130.2293559;23.285
3156;130.3453559;23.286
3157;130.4253559;23.286
3158;130.4793559;23.288
3159;130.4793559;23.287
3160;130.4973559;23.289
3161;130.5683559;23.285
3162;130.6133559;23.286
3163;130.6223559;23.288
3164;130.6763559;23.286
3165;130.7203559;23.288
3166;130.7563559;23.289
3167;130.8633559;23.288
3168;131.0063559;23.289
3169;131.1053559;23.291
3170;131.1413559;23.29
3171;131.1763559;23.29
3172;131.1763559;23.29
3173;131.1853559;23.29
3174;131.2303559;23.288
3175;131.3283559;23.289
3176;131.4003559;23.29
3177;131.4533559;23.291
3178;131.5073559;23.291
3179;131.5253559;23.289
3180;131.5873559;23.291
3181;131.6233559;23.291
3182;131.7133559;23.29
3183;131.8203559;23.291
3184;131.9363559;23.289
3185;132.0173559;23.291
3186;132.0083559;23.29
3187;132.0253559;23.292
3188;132.0433559;23.292
3189;132.1243559;23.29
3190;132.2673559;23.292
3191;132.3473559;23.292
3192;132.4463559;23.295
3193;132.4643559;23.294
3194;132.4813559;23.293
3195;132.4813559;23.292
3196;132.5623559;23.293
3197;132.6693559;23.291
3198;132.7503559;23.295
3199;132.7943559;23.293
3200;132.8393559;23.293
3201;132.8663559;23.294
3202;132.9643559;23.294
3203;133.0543559;23.293
3204;133.1703559;23.296
3205;133.2233559;23.295
3206;133.2683559;23.296
3207;133.2593559;23.297
3208;133.2413559;23.296
3209;133.2593559;23.296
3210;133.3133559;23.296
3211;133.4023559;23.296
3212;133.5093559;23.298
3213;133.6263559;23.299
3214;133.7423559;23.299
3215;133.7873559;23.301
3216;133.8223559;23.301
3217;133.8943559;23.302
3218;133.9833559;23.302
3219;134.0373559;23.304
3220;134.0913559;23.304
3221;134.1443559;23.304
3222;134.1803559;23.304
3223;134.2253559;23.306
3224;134.2433559;23.305
3225;134.3323559;23.305
3226;134.4043559;23.303
3227;134.4663559;23.306
3228;134.4843559;23.306
3229;134.5023559;23.305
3230;134.4933559;23.305
3231;134.5113559;23.306
3232;134.5563559;23.305
3233;134.6723559;23.308
3234;134.7613559;23.307
3235;134.8683559;23.306
3236;134.8953559;23.309
3237;134.8773559;23.308
3238;134.8423559;23.309
3239;134.8423559;23.308
3240;134.9403559;23.307
3241;135.0473559;23.309
3242;135.1463559;23.308
3243;135.1993559;23.31
3244;135.2623559;23.309
3245;135.2893559;23.31
3246;135.2623559;23.309
3247;135.2713559;23.309
3248;135.3153559;23.309
3249;135.4593559;23.309
3250;135.5573559;23.311
3251;135.6373559;23.311
3252;135.6373559;23.311
3253;135.6373559;23.312
3254;135.6193559;23.311
3255;135.7093559;23.309
3256;135.8703559;23.312
3257;135.9503559;23.309
3258;136.0313559;23.31
3259;136.0843559;23.311
3260;136.0843559;23.31
3261;136.1383559;23.31
3262;136.2363559;23.31
3263;136.3083559;23.311
3264;136.2993559;23.312
3265;136.3353559;23.31
3266;136.3623559;23.312
3267;136.3713559;23.308
3268;136.4603559;23.311
3269;136.6033559;23.311
3270;136.7103559;23.31
3271;136.7733559;23.311
3272;136.7193559;23.312
3273;136.7013559;23.311
3274;136.6923559;23.312
3275;136.7283559;23.312
3276;136.8443559;23.311
3277;136.9523559;23.312
3278;137.0323559;23.311
3279;137.1223559;23.312
3280;137.1573559;23.314
3281;137.2113559;23.313
3282;137.2203559;23.311
3283;137.3003559;23.312
3284;137.3543559;23.311
3285;137.3993559;23.314
3286;137.3903559;23.313
3287;137.3993559;23.312
3288;137.4793559;23.312
3289;137.5873559;23.312
3290;137.7483559;23.312
3291;137.9173559;23.313
3292;137.9533559;23.312
3293;137.9623559;23.311
3294;137.8553559;23.311
3295;137.7303559;23.313
3296;137.6853559;23.312
3297;137.6673559;23.313
3298;137.7923559;23.313
3299;137.9623559;23.311
3300;138.1143559;23.311
3301;138.1863559;23.314
3302;138.2483559;23.312
3303;138.2213559;23.311
3304;138.1233559;23.311
3305;138.0523559;23.312
3306;137.9713559;23.311
3307;137.9803559;23.31
3308;138.1143559;23.313
3309;138.2663559;23.312
3310;138.3913559;23.314
3311;138.5083559;23.313
3312;138.6063559;23.312
3313;138.6153559;23.312
3314;138.5883559;23.313
3315;138.5793559;23.312
3316;138.6153559;23.313
3317;138.7313559;23.314
3318;138.7943559;23.312
3319;138.8563559;23.312
3320;138.9013559;23.312
3321;138.9553559;23.315
3322;139.0623559;23.314
3323;139.1783559;23.315
3324;139.2773559;23.317
3325;139.3303559;23.314
3326;139.3303559;23.315
3327;139.3033559;23.315
3328;139.2953559;23.315
3329;139.3123559;23.316
3330;139.3483559;23.317
3331;139.4203559;23.315
3332;139.5093559;23.315
3333;139.5453559;23.317
3334;139.5903559;23.317
3335;139.6613559;23.316
3336;139.6973559;23.317
3337;139.8133559;23.317
3338;139.9293559;23.316
3339;140.0103559;23.318
3340;140.0463559;23.317
3341;140.0373559;23.317
3342;139.9653559;23.32
3343;139.9473559;23.319
3344;139.9473559;23.318
3345;140.0103559;23.318
3346;140.1083559;23.319
3347;140.2073559;23.318
3348;140.3233559;23.319
3349;140.3943559;23.32
3350;140.4123559;23.32
3351;140.3863559;23.32
3352;140.3323559;23.32
3353;140.3943559;23.321
3354;140.4753559;23.318
3355;140.5383559;23.32
3356;140.6003559;23.321
3357;140.6633559;23.321
3358;140.6993559;23.322
3359;140.7613559;23.321
3360;140.8773559;23.322
3361;140.9403559;23.322
3362;141.0033559;23.322
3363;141.0203559;23.325
3364;141.0293559;23.324
3365;141.0203559;23.322
3366;141.0383559;23.323
3367;141.1103559;23.322
3368;141.2173559;23.322
3369;141.2803559;23.323
3370;141.2983559;23.325
3371;141.2983559;23.322
3372;141.3073559;23.325
3373;141.3513559;23.324
3374;141.4593559;23.323
3375;141.5933559;23.325
3376;141.6293559;23.325
3377;141.6823559;23.325
3378;141.6823559;23.325
3379;141.6643559;23.325
3380;141.6553559;23.325
3381;141.6823559;23.325
3382;141.7903559;23.325
3383;141.9423559;23.325
3384;142.0943559;23.325
3385;142.1123559;23.327
3386;142.1383559;23.326
3387;142.1383559;23.327
3388;142.1923559;23.328
3389;142.2463559;23.327
3390;142.3083559;23.326
3391;142.3443559;23.328
3392;142.3443559;23.327
3393;142.3803559;23.327
3394;142.4343559;23.328
3395;142.4783559;23.326
3396;142.6043559;23.328
3397;142.7203559;23.327
3398;142.8543559;23.328
3399;142.8633559;23.328
3400;142.8363559;23.33
3401;142.7733559;23.33
3402;142.6843559;23.328
3403;142.6753559;23.33
3404;142.7383559;23.328
3405;142.8723559;23.329
3406;142.9793559;23.329
3407;143.0953559;23.33
3408;143.1763559;23.33
3409;143.2033559;23.33
3410;143.1403559;23.33
3411;143.1043559;23.329
3412;143.0953559;23.331
3413;143.2123559;23.329
3414;143.3103559;23.33
3415;143.3913559;23.33
3416;143.4623559;23.331
3417;143.4893559;23.332
3418;143.4893559;23.332
3419;143.5163559;23.331
3420;143.5873559;23.331
3421;143.6503559;23.332
3422;143.7483559;23.331
3423;143.7843559;23.331
3424;143.8203559;23.333
3425;143.8653559;23.331
3426;143.9183559;23.333
3427;144.0173559;23.334
3428;144.0883559;23.334
3429;144.1603559;23.333
3430;144.2053559;23.334
3431;144.1693559;23.333
3432;144.1513559;23.334
3433;144.1513559;23.334
3434;144.1693559;23.334
3435;144.2853559;23.334
3436;144.4283559;23.335
3437;144.5353559;23.335
3438;144.5803559;23.335
3439;144.6163559;23.334
3440;144.6523559;23.334
3441;144.6613559;23.334
3442;144.6883559;23.337
3443;144.7773559;23.334
3444;144.8403559;23.335
3445;144.9203559;23.336
3446;144.9473559;23.336
3447;144.9833559;23.337
3448;145.0183559;23.336
3449;145.0453559;23.336
3450;145.1353559;23.336
3451;145.1883559;23.335
3452;145.2693559;23.335
3453;145.3233559;23.337
3454;145.3233559;23.337
3455;145.2873559;23.336
3456;145.2783559;23.336
3457;145.3493559;23.337
3458;145.4573559;23.336
3459;145.5913559;23.337
3460;145.6713559;23.338
3461;145.7253559;23.338
3462;145.7883559;23.338
3463;145.8243559;23.336
3464;145.8063559;23.337
3465;145.9043559;23.337
3466;145.9583559;23.34
3467;145.9853559;23.339
3468;146.0293559;23.339
3469;146.1103559;23.34
3470;146.2173559;23.339
3471;146.3163559;23.341
3472;146.4233559;23.34
3473;146.4863559;23.34
3474;146.4863559;23.34
3475;146.4053559;23.34
3476;146.3603559;23.341
3477;146.3783559;23.341
3478;146.4943559;23.341
3479;146.6113559;23.341
3480;146.7003559;23.34
3481;146.8163559;23.341
3482;146.8703559;23.339
3483;146.9063559;23.341
3484;146.9333559;23.343
3485;147.0223559;23.341
3486;147.0853559;23.341
3487;147.1033559;23.342
3488;147.0943559;23.341
3489;147.1393559;23.343
3490;147.1833559;23.343
3491;147.2553559;23.341
3492;147.3713559;23.344
3493;147.4963559;23.342
3494;147.6043559;23.344
3495;147.6223559;23.344
3496;147.5953559;23.344
3497;147.5683559;23.343
3498;147.5953559;23.343
3499;147.6483559;23.343
3500;147.7293559;23.343
3501;147.8273559;23.341
3502;147.9263559;23.343
3503;148.0333559;23.341
3504;148.0873559;23.346
3505;148.0873559;23.344
3506;148.0513559;23.343
3507;148.0513559;23.343
3508;148.1143559;23.343
3509;148.2483559;23.343
3510;148.3823559;23.344
3511;148.5073559;23.343
3512;148.5973559;23.343
3513;148.6413559;23.346
3514;148.6333559;23.344
3515;148.6773559;23.345
3516;148.7493559;23.346
3517;148.8033559;23.346
3518;148.8743559;23.343
3519;148.9553559;23.346
3520;149.0173559;23.346
3521;149.0983559;23.344
3522;149.2143559;23.345
3523;149.3123559;23.346
3524;149.3843559;23.347
3525;149.3933559;23.347
3526;149.3573559;23.346
3527;149.2953559;23.346
3528;149.3303559;23.348
3529;149.4113559;23.347
3530;149.5543559;23.349
3531;149.6793559;23.348
3532;149.7333559;23.348
3533;149.7693559;23.349
3534;149.8053559;23.347
3535;149.8053559;23.348
3536;149.8223559;23.348
3537;149.8853559;23.348
3538;149.9923559;23.348
3539;150.1003559;23.348
3540;150.1893559;23.348
3541;150.2523559;23.35
3542;150.2793559;23.35
3543;150.3503559;23.349
3544;150.4403559;23.351
3545;150.5293559;23.35
3546;150.5653559;23.351
3547;150.5743559;23.351
3548;150.6013559;23.35
3549;150.6543559;23.351
3550;150.7623559;23.35
3551;150.9143559;23.351
3552;151.0483559;23.353
3553;151.1293559;23.352
3554;151.1563559;23.354
3555;151.1383559;23.354
3556;151.0843559;23.353
3557;151.0213559;23.352
3558;151.0483559;23.352
3559;151.1473559;23.353
3560;151.2993559;23.354
3561;151.4603559;23.352
3562;151.5583559;23.356
3563;151.6303559;23.354
3564;151.6833559;23.353
3565;151.7643559;23.354
3566;151.8273559;23.354
3567;151.9163559;23.354
3568;151.9613559;23.355
3569;151.9433559;23.354
3570;151.9433559;23.353
3571;151.9883559;23.356
3572;152.0863559;23.356
3573;152.1933559;23.356
3574;152.2293559;23.356
3575;152.2923559;23.354
3576;152.3553559;23.356
3577;152.4263559;23.356
3578;152.5073559;23.356
3579;152.5963559;23.355
3580;152.6503559;23.356
3581;152.6863559;23.357
3582;152.6593559;23.357
3583;152.6413559;23.356
3584;152.6593559;23.357
3585;152.7213559;23.355
3586;152.8383559;23.357
3587;152.9453559;23.355
3588;153.0613559;23.357
3589;153.1333559;23.357
3590;153.1693559;23.357
3591;153.1873559;23.358
3592;153.2313559;23.358
3593;153.3393559;23.357
3594;153.4013559;23.358
3595;153.4643559;23.357
3596;153.5543559;23.357
3597;153.5803559;23.359
3598;153.6163559;23.359
3599;153.6703559;23.359
3600;153.8133559;23.359
3601;153.8943559;23.359
3602;153.9383559;23.359
3603;153.9833559;23.361
3604;153.9653559;23.361
3605;153.9563559;23.36
3606;154.0013559;23.359
3607;154.1083559;23.359
3608;154.2603559;23.36
3609;154.3683559;23.36
3610;154.4303559;23.361
3611;154.4663559;23.36
3612;154.4483559;23.361
3613;154.4223559;23.362
3614;154.4663559;23.36
3615;154.5473559;23.362
3616;154.6453559;23.361
3617;154.7443559;23.363
3618;154.8243559;23.364
3619;154.8693559;23.364
3620;154.9053559;23.363
3621;154.9763559;23.366
3622;155.0843559;23.364
3623;155.1643559;23.364
3624;155.2543559;23.364
3625;155.2543559;23.364
3626;155.2633559;23.365
3627;155.2633559;23.364
3628;155.3343559;23.366
3629;155.4513559;23.363
3630;155.5673559;23.365
3631;155.6563559;23.367
3632;155.7193559;23.366
3633;155.7013559;23.364
3634;155.6743559;23.366
3635;155.6923559;23.366
3636;155.6923559;23.365
3637;155.8353559;23.366
3638;155.9793559;23.367
3639;156.0503559;23.366
3640;156.1133559;23.365
3641;156.1403559;23.366
3642;156.1223559;23.366
3643;156.0863559;23.367
3644;156.0863559;23.365
3645;156.1673559;23.366
3646;156.2743559;23.364
3647;156.3633559;23.366
3648;156.4443559;23.367
3649;156.4533559;23.367
3650;156.4803559;23.366
3651;156.4893559;23.367
3652;156.5073559;23.366
3653;156.6053559;23.367
3654;156.7303559;23.367
3655;156.8383559;23.366
3656;156.9003559;23.368
3657;156.9003559;23.369
3658;156.8293559;23.368
3659;156.7483559;23.367
3660;156.6323559;23.369
3661;156.6143559;23.366
3662;156.6863559;23.367
3663;156.8293559;23.366
3664;156.9633559;23.367
3665;157.1243559;23.369
3666;157.1963559;23.367
3667;157.1783559;23.369
3668;157.1513559;23.369
3669;157.1243559;23.368
3670;157.1423559;23.369
3671;157.2053559;23.369
3672;157.2943559;23.367
3673;157.4283559;23.369
3674;157.5543559;23.367
3675;157.5813559;23.368
3676;157.6163559;23.367
3677;157.6253559;23.369
3678;157.5903559;23.369
3679;157.5983559;23.367
3680;157.6163559;23.369
3681;157.6613559;23.367
3682;157.7423559;23.368
3683;157.8493559;23.366
3684;158.0103559;23.367
3685;158.1183559;23.367
3686;158.2343559;23.367
3687;158.2163559;23.37
3688;158.1443559;23.369
3689;158.0733559;23.37
3690;158.0283559;23.367
3691;158.0733559;23.367
3692;158.1353559;23.368
3693;158.2523559;23.369
3694;158.3953559;23.369
3695;158.4853559;23.37
3696;158.5113559;23.369
3697;158.4853559;23.367
3698;158.4403559;23.367
3699;158.3863559;23.368
3700;158.4223559;23.369
3701;158.5023559;23.369
3702;158.6193559;23.369
3703;158.7443559;23.369
3704;158.8073559;23.369
3705;158.8343559;23.369
3706;158.8253559;23.368
3707;158.8873559;23.369
3708;158.9773559;23.369
3709;159.0573559;23.371
3710;159.1473559;23.371
3711;159.2013559;23.37
3712;159.2273559;23.371
3713;159.2633559;23.371
3714;159.3173559;23.371
3715;159.3623559;23.37
3716;159.4603559;23.37
3717;159.4963559;23.372
3718;159.4873559;23.371
3719;159.4873559;23.371
3720;159.4693559;23.371
3721;159.4963559;23.373
3722;159.5763559;23.369
3723;159.6753559;23.373
3724;159.7643559;23.373
3725;159.8273559;23.373
3726;159.8363559;23.374
3727;159.8543559;23.371
3728;159.9083559;23.372
3729;159.9433559;23.374
3730;159.9433559;23.375
3731;159.9523559;23.375
3732;159.9973559;23.374
3733;160.0063559;23.374
3734;160.1313559;23.373
3735;160.2483559;23.376
3736;160.3373559;23.375
3737;160.4003559;23.376
3738;160.4273559;23.376
3739;160.4273559;23.374
3740;160.4543559;23.375
3741;160.5343559;23.374
3742;160.5973559;23.377
3743;160.6953559;23.376
3744;160.7403559;23.374
3745;160.7313559;23.376
3746;160.7943559;23.375
3747;160.8653559;23.374
3748;160.9643559;23.377
3749;161.1253559;23.376
3750;161.2063559;23.376
3751;161.2413559;23.378
3752;161.2233559;23.377
3753;161.1883559;23.376
3754;161.1703559;23.377
3755;161.1343559;23.377
3756;161.2143559;23.379
3757;161.3223559;23.378
3758;161.4473559;23.377
3759;161.5553559;23.377
3760;161.6713559;23.378
3761;161.7433559;23.379
3762;161.8233559;23.377
3763;161.9133559;23.38
3764;161.9663559;23.38
3765;161.9483559;23.38
3766;161.9043559;23.38
3767;161.8593559;23.38
3768;161.8683559;23.38
3769;161.9483559;23.381
3770;162.1103559;23.38
3771;162.2353559;23.382
3772;162.3073559;23.382
3773;162.3963559;23.381
3774;162.3963559;23.383
3775;162.3603559;23.382
3776;162.3153559;23.383
3777;162.2713559;23.38
3778;162.3243559;23.381
3779;162.3873559;23.382
3780;162.4863559;23.383
3781;162.5573559;23.382
3782;162.6563559;23.383
3783;162.7003559;23.383
3784;162.6913559;23.383
3785;162.7093559;23.383
3786;162.7273559;23.384
3787;162.7543559;23.381
3788;162.8083559;23.382
3789;162.8973559;23.382
3790;162.9783559;23.384
3791;163.0583559;23.384
3792;163.1303559;23.384
3793;163.2733559;23.384
3794;163.3633559;23.384
3795;163.4613559;23.382
3796;163.4973559;23.387
3797;163.5243559;23.386
3798;163.4523559;23.386
3799;163.3993559;23.384
3800;163.4263559;23.384
3801;163.5153559;23.386
3802;163.6133559;23.385
3803;163.7123559;23.385
3804;163.8103559;23.386
3805;163.9093559;23.388
3806;163.9723559;23.388
3807;164.0253559;23.387
3808;164.0793559;23.387
3809;164.0883559;23.387
3810;164.1153559;23.391
3811;164.1513559;23.389
3812;164.2043559;23.391
3813;164.2943559;23.389
3814;164.3923559;23.39
3815;164.5093559;23.392
3816;164.5893559;23.393
3817;164.6073559;23.393
3818;164.5803559;23.393
3819;164.5713559;23.392
3820;164.5453559;23.393
3821;164.5803559;23.394
3822;164.6523559;23.393
3823;164.7593559;23.392
3824;164.8583559;23.395
3825;164.9473559;23.396
3826;165.0013559;23.396
3827;165.0193559;23.397
3828;165.0463559;23.395
3829;165.0733559;23.394
3830;165.1533559;23.396
3831;165.2163559;23.397
3832;165.2793559;23.398
3833;165.3503559;23.396
3834;165.3683559;23.396
3835;165.4583559;23.398
3836;165.5293559;23.399
3837;165.6193559;23.399
3838;165.6813559;23.4
3839;165.6733559;23.399
3840;165.6643559;23.4
3841;165.6733559;23.399
3842;165.6643559;23.399
3843;165.7173559;23.4
3844;165.8253559;23.399
3845;165.9503559;23.402
3846;166.0223559;23.402
3847;166.0753559;23.404
3848;166.1203559;23.407
3849;166.1923559;23.404
3850;166.2993559;23.406
3851;166.3443559;23.406
3852;166.3623559;23.406
3853;166.4073559;23.405
3854;166.4603559;23.405
3855;166.5053559;23.405
3856;166.5683559;23.408
3857;166.6573559;23.408
3858;166.7833559;23.409
3859;166.8453559;23.41
3860;166.8543559;23.41
3861;166.8543559;23.41
3862;166.7833559;23.409
3863;166.8193559;23.409
3864;166.8723559;23.41
3865;167.0073559;23.409
3866;167.1143559;23.41
3867;167.1953559;23.409
3868;167.2753559;23.412
3869;167.3383559;23.411
3870;167.4903559;23.413
3871;167.5973559;23.412
3872;167.6063559;23.415
3873;167.5443559;23.414
3874;167.4903559;23.413
3875;167.4633559;23.413
3876;167.4363559;23.413
3877;167.4543559;23.414
3878;167.5803559;23.414
3879;167.7233559;23.413
3880;167.8393559;23.416
3881;167.8933559;23.416
3882;167.9473559;23.415
3883;167.9473559;23.415
3884;167.9563559;23.414
3885;167.9823559;23.413
3886;168.0003559;23.416
3887;168.0543559;23.415
3888;168.1263559;23.416
3889;168.2243559;23.415
3890;168.3583559;23.415
3891;168.4663559;23.416
3892;168.5383559;23.419
3893;168.5293559;23.419
3894;168.5023559;23.415
3895;168.4483559;23.418
3896;168.4663559;23.418
3897;168.5553559;23.417
3898;168.7083559;23.418
3899;168.8153559;23.417
3900;168.8063559;23.418
3901;168.8603559;23.418
3902;168.9053559;23.42
3903;168.9763559;23.419
3904;169.0663559;23.419
3905;169.1733559;23.421
3906;169.1733559;23.422
3907;169.2093559;23.421
3908;169.2543559;23.42
3909;169.2813559;23.422
3910;169.3973559;23.422
3911;169.4513559;23.423
3912;169.4783559;23.421
3913;169.4693559;23.422
3914;169.4423559;23.422
3915;169.4423559;23.422
3916;169.4693559;23.422
3917;169.5313559;23.421
3918;169.6123559;23.423
3919;169.7283559;23.423
3920;169.8183559;23.423
3921;169.9613559;23.425
3922;170.0423559;23.425
3923;170.0783559;23.426
3924;170.0063559;23.427
3925;169.9433559;23.426
3926;169.8813559;23.423
3927;169.8273559;23.425
3928;169.8363559;23.425
3929;169.9343559;23.425
3930;170.0693559;23.424
3931;170.1763559;23.423
3932;170.2933559;23.425
3933;170.3913559;23.426
3934;170.4633559;23.427
3935;170.4093559;23.429
3936;170.3823559;23.428
3937;170.3823559;23.428
3938;170.4453559;23.426
3939;170.4983559;23.428
3940;170.5703559;23.426
3941;170.6333559;23.428
3942;170.6953559;23.429
3943;170.8303559;23.429
3944;170.9553559;23.431
3945;171.0363559;23.431
3946;171.0893559;23.431
3947;171.0893559;23.431
3948;171.0723559;23.431
3949;171.1703559;23.431
3950;171.1883559;23.432
3951;171.2863559;23.431
3952;171.3403559;23.431
3953;171.3763559;23.432
3954;171.4123559;23.434
3955;171.4483559;23.433
3956;171.5373559;23.436
3957;171.6813559;23.437
3958;171.7883559;23.436
3959;171.8423559;23.437
3960;171.8783559;23.438
3961;171.8953559;23.436
3962;171.8863559;23.438
3963;171.9223559;23.436
3964;171.9583559;23.438
3965;172.0663559;23.438
3966;172.0923559;23.438
3967;172.1373559;23.438
3968;172.1823559;23.441
3969;172.2983559;23.442
3970;172.4333559;23.444
3971;172.4953559;23.445
3972;172.5583559;23.443
3973;172.5133559;23.444
3974;172.4423559;23.444
3975;172.4153559;23.442
3976;172.4153559;23.444
3977;172.4863559;23.442
3978;172.6213559;23.444
3979;172.7283559;23.444
3980;172.8093559;23.448
3981;172.8723559;23.448
3982;172.8453559;23.447
3983;172.8803559;23.446
3984;172.9343559;23.447
3985;172.9883559;23.449
3986;173.0513559;23.447
3987;173.1133559;23.447
3988;173.1493559;23.449
3989;173.2483559;23.45
3990;173.3463559;23.449
3991;173.4273559;23.449
3992;173.4273559;23.452
3993;173.4183559;23.453
3994;173.4273559;23.452
3995;173.4453559;23.45
3996;173.5433559;23.451
3997;173.6423559;23.451
3998;173.7493559;23.452
3999;173.8303559;23.452
4000;173.8483559;23.452
4001;173.8483559;23.452
4002;173.8833559;23.452
4003;173.9463559;23.455
4004;174.0003559;23.455
4005;174.0543559;23.455
4006;174.0723559;23.456
4007;174.0723559;23.455
4008;174.1613559;23.455
4009;174.2783559;23.455
4010;174.3403559;23.456
4011;174.4033559;23.455
4012;174.4213559;23.457
4013;174.4483559;23.455
4014;174.4923559;23.455
4015;174.5913559;23.455
4016;174.6723559;23.458
4017;174.7433559;23.459
4018;174.7613559;23.459
4019;174.8063559;23.46
4020;174.8423559;23.46
4021;174.8243559;23.46
4022;174.8243559;23.461
4023;174.8513559;23.461
4024;174.9043559;23.46
4025;174.9493559;23.46
4026;174.9853559;23.458
4027;175.0923559;23.46
4028;175.2273559;23.461
4029;175.3073559;23.462
4030;175.3973559;23.465
4031;175.3883559;23.462
4032;175.3073559;23.461
4033;175.2003559;23.462
4034;175.2183559;23.462
4035;175.3163559;23.461
4036;175.3973559;23.461
4037;175.4063559;23.461
4038;175.4423559;23.462
4039;175.5223559;23.462
4040;175.5853559;23.462
4041;175.6483559;23.463
4042;175.7193559;23.464
4043;175.7463559;23.462
4044;175.7553559;23.462
4045;175.6933559;23.464
4046;175.7733559;23.464
4047;175.8003559;23.466
4048;175.8993559;23.465
4049;175.9523559;23.467
4050;175.9793559;23.465
4051;175.9523559;23.467
4052;175.8723559;23.467
4053;175.8363559;23.466
4054;175.8363559;23.466
4055;175.8903559;23.465
4056;175.9973559;23.467
4057;176.1403559;23.467
4058;176.1943559;23.467
4059;176.2573559;23.467
4060;176.2303559;23.468
4061;176.1053559;23.467
4062;176.0333559;23.468
4063;175.9973559;23.468
4064;176.1053559;23.468
4065;176.2393559;23.466
4066;176.3023559;23.468
4067;176.4003559;23.469
4068;176.4273559;23.469
4069;176.4453559;23.468
4070;176.4093559;23.467
4071;176.4093559;23.47
4072;176.4093559;23.468
4073;176.5253559;23.469
4074;176.6513559;23.467
4075;176.7313559;23.47
4076;176.8213559;23.47
4077;176.8483559;23.472
4078;176.9023559;23.471
4079;176.9553559;23.473
4080;177.0273559;23.473
4081;177.0723559;23.474
4082;177.0543559;23.472
4083;176.9913559;23.474
4084;177.0093559;23.473
4085;177.1263559;23.475
4086;177.2423559;23.474
4087;177.3673559;23.474
4088;177.4303559;23.475
4089;177.4573559;23.477
4090;177.4483559;23.477
4091;177.4303559;23.477
4092;177.4483559;23.477
4093;177.5553559;23.477
4094;177.6273559;23.478
4095;177.6813559;23.479
4096;177.6813559;23.481
4097;177.7083559;23.478
4098;177.7533559;23.478
4099;177.7973559;23.479
4100;177.9143559;23.481
4101;177.9673559;23.481
4102;178.0393559;23.482
4103;178.0663559;23.483
4104;178.0843559;23.482
4105;178.1113559;23.483
4106;178.1913559;23.483
4107;178.2723559;23.484
4108;178.3263559;23.484
4109;178.3803559;23.486
4110;178.3973559;23.485
4111;178.3883559;23.485
4112;178.4423559;23.485
4113;178.5773559;23.488
4114;178.6843559;23.489
4115;178.7653559;23.49
4116;178.7923559;23.492
4117;178.7923559;23.491
4118;178.8093559;23.49
4119;178.8453559;23.491
4120;178.9623559;23.494
4121;179.0423559;23.495
4122;179.1053559;23.496
4123;179.1683559;23.498
4124;179.1683559;23.498
4125;179.1863559;23.496
4126;179.2303559;23.497
4127;179.3113559;23.498
4128;179.3833559;23.5
4129;179.4633559;23.502
4130;179.5353559;23.503
4131;179.5533559;23.503
4132;179.5713559;23.503
4133;179.5263559;23.503
4134;179.5443559;23.504
4135;179.5713559;23.504
4136;179.6783559;23.504
4137;179.8223559;23.505
4138;179.8843559;23.508
4139;179.9653559;23.509
4140;179.9653559;23.509
4141;179.9653559;23.508
4142;179.9203559;23.509
4143;179.9473559;23.51
4144;180.0373559;23.509
4145;180.1623559;23.51
4146;180.2693559;23.513
4147;180.3413559;23.513
4148;180.3863559;23.515
4149;180.4313559;23.516
4150;180.5023559;23.517
4151;180.5833559;23.516
4152;180.6373559;23.518
4153;180.6643559;23.518
4154;180.6553559;23.519
4155;180.7083559;23.519
4156;180.7803559;23.519
4157;180.9323559;23.52
4158;181.0493559;23.522
4159;181.1383559;23.525
4160;181.1653559;23.525
4161;181.1743559;23.527
4162;181.1383559;23.526
4163;181.1123559;23.524
4164;181.1833559;23.526
4165;181.2463559;23.524
4166;181.3713559;23.529
4167;181.4613559;23.529
4168;181.5333559;23.53
4169;181.5773559;23.531
4170;181.6223559;23.532
4171;181.6223559;23.532
4172;181.6943559;23.533
4173;181.7563559;23.533
4174;181.8373559;23.535
4175;181.8643559;23.537
4176;181.9003559;23.537
4177;181.9093559;23.54
4178;181.9363559;23.539
4179;181.9543559;23.538
4180;181.9983559;23.537
4181;182.0073559;23.541
4182;182.0613559;23.541
4183;182.1063559;23.543
4184;182.1693559;23.544
4185;182.1603559;23.542
4186;182.1063559;23.543
4187;182.0523559;23.543
4188;182.0613559;23.542
4189;182.1063559;23.542
4190;182.2673559;23.544
4191;182.4373559;23.549
4192;182.5183559;23.551
4193;182.5993559;23.555
4194;182.6973559;23.557
4195;182.7243559;23.56
4196;182.7783559;23.559
4197;182.8053559;23.562
4198;182.7873559;23.561
4199;182.7873559;23.562
4200;182.7513559;23.56
4201;182.8233559;23.56
4202;182.9303559;23.56
4203;183.0913559;23.567
4204;183.1723559;23.573
4205;183.2883559;23.577
4206;183.3333559;23.578
4207;183.3603559;23.58
4208;183.3693559;23.581
4209;183.4053559;23.58
4210;183.4853559;23.579
4211;183.5573559;23.583
4212;183.6833559;23.588
4213;183.7903559;23.593
4214;183.8983559;23.597
4215;183.9963559;23.598
4216;184.0773559;23.6
4217;184.0773559;23.602
4218;184.0233559;23.6
4219;183.9333559;23.599
4220;183.9243559;23.599
4221;183.9513559;23.599
4222;184.0413559;23.598
4223;184.1573559;23.601
4224;184.3193559;23.605
4225;184.4263559;23.609
4226;184.5693559;23.611
4227;184.5783559;23.614
4228;184.5523559;23.614
4229;184.4893559;23.612
4230;184.4713559;23.609
4231;184.5433559;23.611
4232;184.6863559;23.61
4233;184.7933559;23.611
4234;184.9463559;23.62
4235;184.9993559;23.624
4236;185.0893559;23.627
4237;185.1343559;23.629
4238;185.2063559;23.629
4239;185.2683559;23.631
4240;185.2863559;23.63
4241;185.3313559;23.631
4242;185.3583559;23.63
4243;185.4653559;23.633
4244;185.5913559;23.635
4245;185.6893559;23.638
4246;185.8423559;23.641
4247;185.9133559;23.641
4248;185.9493559;23.641
4249;185.9673559;23.643
4250;185.9583559;23.641
4251;185.9133559;23.64
4252;185.9853559;23.64
4253;186.0923559;23.642
4254;186.1643559;23.641
4255;186.2363559;23.645
4256;186.3523559;23.646
4257;186.4063559;23.648
4258;186.5403559;23.647
4259;186.6573559;23.648
4260;186.7203559;23.653
4261;186.7473559;23.653
4262;186.7473559;23.652
4263;186.7203559;23.653
4264;186.7203559;23.653
4265;186.7023559;23.651
4266;186.7913559;23.653
4267;186.9443559;23.654
4268;187.0783559;23.655
4269;187.1773559;23.657
4270;187.2843559;23.66
4271;187.3203559;23.661
4272;187.3383559;23.66
4273;187.3203559;23.661
4274;187.3203559;23.66
4275;187.3473559;23.66
4276;187.4103559;23.66
4277;187.4993559;23.661
4278;187.6603559;23.663
4279;187.8043559;23.666
4280;187.9203559;23.669
4281;188.0553559;23.671
4282;188.1893559;23.673
4283;188.2073559;23.674
4284;188.1353559;23.675
4285;188.0463559;23.673
4286;188.0463559;23.671
4287;188.0373559;23.671
4288;188.1263559;23.672
4289;188.2163559;23.671
4290;188.3503559;23.673
4291;188.4763559;23.676
4292;188.6013559;23.68
4293;188.6733559;23.682
4294;188.8163559;23.687
4295;188.9063559;23.688
4296;188.8883559;23.69
4297;188.8703559;23.69
4298;188.7803559;23.689
4299;188.7093559;23.687
4300;188.6913559;23.684
4301;188.7453559;23.684
4302;188.8433559;23.684
4303;188.9603559;23.687
4304;189.1213559;23.689
4305;189.2913559;23.694
4306;189.3723559;23.698
4307;189.4083559;23.699
4308;189.4083559;23.7
4309;189.4353559;23.699
4310;189.4703559;23.698
4311;189.5603559;23.702
4312;189.6673559;23.703
4313;189.7753559;23.706
4314;189.8833559;23.708
4315;189.9993559;23.71
4316;190.1153559;23.713
4317;190.2143559;23.715
4318;190.2863559;23.716
4319;190.2503559;23.717
4320;190.2143559;23.716
4321;190.1243559;23.717
4322;190.1153559;23.716
4323;190.2053559;23.714
4324;190.3223559;23.716
4325;190.4383559;23.718
4326;190.5373559;23.72
4327;190.6083559;23.723
4328;190.7163559;23.724
4329;190.8233559;23.727
4330;190.8863559;23.728
4331;190.9403559;23.732
4332;190.9583559;23.735
4333;190.9853559;23.732
4334;190.9403559;23.731
4335;191.0123559;23.729
4336;191.1103559;23.732
4337;191.2273559;23.737
4338;191.3253559;23.741
4339;191.4153559;23.746
4340;191.4693559;23.746
4341;191.5313559;23.748
4342;191.6123559;23.749
4343;191.6123559;23.748
4344;191.7113559;23.751
4345;191.7823559;23.752
4346;191.8543559;23.754
4347;191.8633559;23.752
4348;191.8723559;23.754
4349;191.8903559;23.755
4350;191.9793559;23.754
4351;192.1053559;23.757
4352;192.2393559;23.759
4353;192.3383559;23.761
4354;192.4093559;23.763
4355;192.4183559;23.764
4356;192.4273559;23.762
4357;192.4543559;23.762
4358;192.4993559;23.765
4359;192.5263559;23.765
4360;192.5173559;23.765
4361;192.5713559;23.767
4362;192.5893559;23.766
4363;192.6423559;23.767
4364;192.7413559;23.768
4365;192.8313559;23.771
4366;192.9293559;23.773
4367;192.9923559;23.774
4368;193.0103559;23.776
4369;192.9923559;23.775
4370;193.0193559;23.774
4371;193.0373559;23.775
4372;193.0553559;23.775
4373;193.1533559;23.778
4374;193.2433559;23.778
4375;193.2883559;23.781
4376;193.2883559;23.781
4377;193.3153559;23.781
4378;193.4313559;23.783
4379;193.5393559;23.785
4380;193.6463559;23.789
4381;193.7363559;23.791
4382;193.7363559;23.791
4383;193.7183559;23.792
4384;193.6283559;23.79
4385;193.6103559;23.79
4386;193.6013559;23.791
4387;193.6643559;23.789
4388;193.7633559;23.79
4389;193.8613559;23.791
4390;194.0053559;23.796
4391;194.1213559;23.799
4392;194.1843559;23.8
4393;194.2733559;23.801
4394;194.3453559;23.805
4395;194.3633559;23.805
4396;194.3633559;23.807
4397;194.3363559;23.804
4398;194.3273559;23.804
4399;194.3723559;23.804
4400;194.4443559;23.804
4401;194.5693559;23.81
4402;194.7133559;23.811
4403;194.8023559;23.814
4404;194.8923559;23.816
4405;194.8383559;23.815
4406;194.8563559;23.814
4407;194.9193559;23.814
4408;195.0173559;23.815
4409;195.1163559;23.819
4410;195.1433559;23.819
4411;195.2143559;23.82
4412;195.2233559;23.82
4413;195.2413559;23.82
4414;195.2143559;23.819
4415;195.2683559;23.821
4416;195.3943559;23.822
4417;195.4653559;23.825
4418;195.5643559;23.826
4419;195.5913559;23.826
4420;195.5823559;23.825
4421;195.5193559;23.825
4422;195.5553559;23.826
4423;195.6633559;23.824
4424;195.7523559;23.826
4425;195.8603559;23.832
4426;195.9223559;23.832
4427;195.9403559;23.834
4428;195.9943559;23.832
4429;196.0213559;23.834
4430;196.1113559;23.836
4431;196.1823559;23.835
4432;196.2273559;23.838
4433;196.2633559;23.84
4434;196.2633559;23.839
4435;196.2903559;23.837
4436;196.2993559;23.838
4437;196.3713559;23.839
4438;196.4963559;23.84
4439;196.5953559;23.84
4440;196.6573559;23.843
4441;196.6753559;23.845
4442;196.7023559;23.847
4443;196.7383559;23.845
4444;196.7923559;23.845
4445;196.9083559;23.845
4446;196.9443559;23.847
4447;196.9713559;23.846
4448;196.9533559;23.846
4449;196.9803559;23.847
4450;197.0253559;23.845
4451;197.1323559;23.846
4452;197.2403559;23.848
4453;197.3033559;23.848
4454;197.3393559;23.85
4455;197.3303559;23.849
4456;197.2763559;23.849
4457;197.2583559;23.847
4458;197.2943559;23.849
4459;197.3473559;23.848
4460;197.4463559;23.849
4461;197.6073559;23.851
4462;197.6703559;23.852
4463;197.6703559;23.854
4464;197.6703559;23.852
4465;197.6703559;23.853
4466;197.6883559;23.851
4467;197.7243559;23.852
4468;197.8403559;23.851
4469;197.9123559;23.852
4470;197.9753559;23.853
4471;197.9933559;23.855
4472;198.0023559;23.853
4473;198.0563559;23.853
4474;198.1453559;23.855
4475;198.1903559;23.853
4476;198.1813559;23.854
4477;198.1183559;23.854
4478;198.1363559;23.856
4479;198.1543559;23.855
4480;198.1903559;23.857
4481;198.2803559;23.854
4482;198.4053559;23.855
4483;198.4773559;23.859
4484;198.5313559;23.859
4485;198.4773559;23.856
4486;198.4233559;23.862
4487;198.3873559;23.858
4488;198.4143559;23.856
4489;198.5133559;23.856
4490;198.6113559;23.856
4491;198.6833559;23.859
4492;198.7283559;23.861
4493;198.7823559;23.859
4494;198.7903559;23.861
4495;198.7903559;23.859
4496;198.8623559;23.86
4497;198.9253559;23.861
4498;198.9163559;23.861
4499;198.9613559;23.861
4500;199.0323559;23.862
4501;199.1133559;23.862
4502;199.2303559;23.863
4503;199.3463559;23.865
4504;199.4003559;23.864
4505;199.3913559;23.864
4506;199.3463559;23.865
4507;199.2923559;23.865
4508;199.2573559;23.864
4509;199.2833559;23.863
4510;199.4183559;23.865
4511;199.5253559;23.864
4512;199.6603559;23.868
4513;199.7673559;23.866
4514;199.8303559;23.866
4515;199.7943559;23.867
4516;199.7053559;23.868
4517;199.6333559;23.867
4518;199.6243559;23.866
4519;199.6603559;23.866
4520;199.7853559;23.867
4521;199.8843559;23.867
4522;199.9653559;23.866
4523;200.0993559;23.869
4524;200.1353559;23.868
4525;200.1353559;23.869
4526;200.1623559;23.868
4527;200.1713559;23.868
4528;200.1893559;23.866
4529;200.2603559;23.868
4530;200.3323559;23.869
4531;200.4133559;23.87
4532;200.4853559;23.871
4533;200.5653559;23.871
4534;200.5923559;23.874
4535;200.5563559;23.872
4536;200.5563559;23.873
4537;200.5653559;23.873
4538;200.5563559;23.872
4539;200.6013559;23.871
4540;200.7353559;23.87
4541;200.8253559;23.872
4542;200.9333559;23.874
4543;201.0133559;23.876
4544;200.9953559;23.876
4545;200.9953559;23.875
4546;200.9773559;23.876
4547;200.9693559;23.876
4548;200.9953559;23.876
4549;201.0583559;23.877
4550;201.1933559;23.874
4551;201.2913559;23.875
4552;201.3543559;23.876
4553;201.4263559;23.877
4554;201.4443559;23.876
4555;201.4353559;23.876
4556;201.4533559;23.875
4557;201.4623559;23.876
4558;201.5513559;23.876
4559;201.6053559;23.878
4560;201.7213559;23.879
4561;201.8023559;23.88
4562;201.8023559;23.882
4563;201.7933559;23.883
4564;201.8833559;23.882
4565;201.9903559;23.882
4566;202.0533559;23.882
4567;202.1253559;23.884
4568;202.1433559;23.883
4569;202.1253559;23.883
4570;202.1433559;23.885
4571;202.1703559;23.884
4572;202.2143559;23.882
4573;202.2953559;23.883
4574;202.3493559;23.883
4575;202.4213559;23.884
4576;202.4393559;23.885
4577;202.4393559;23.886
4578;202.3943559;23.884
4579;202.4393559;23.884
4580;202.5103559;23.883
4581;202.5913559;23.887
4582;202.7163559;23.887
4583;202.7973559;23.887
4584;202.8423559;23.885
4585;202.8423559;23.887
4586;202.8243559;23.887
4587;202.8693559;23.888
4588;202.9763559;23.887
4589;203.1113559;23.888
4590;203.2093559;23.889
4591;203.2453559;23.89
4592;203.2903559;23.893
4593;203.3443559;23.891
4594;203.4073559;23.891
4595;203.4963559;23.892
4596;203.5863559;23.892
4597;203.6583559;23.891
4598;203.6223559;23.893
4599;203.7113559;23.891
4600;203.8193559;23.89
4601;203.9093559;23.892
4602;203.9273559;23.893
4603;203.9363559;23.894
4604;203.9453559;23.894
4605;203.9363559;23.895
4606;203.9893559;23.894
4607;204.0793559;23.894
4608;204.1963559;23.896
4609;204.2763559;23.897
4610;204.3303559;23.897
4611;204.3753559;23.895
4612;204.4023559;23.895
4613;204.4113559;23.895
4614;204.4383559;23.896
4615;204.3933559;23.895
4616;204.4293559;23.894
4617;204.5093559;23.895
4618;204.5993559;23.896
4619;204.6533559;23.897
4620;204.7603559;23.896
4621;204.7963559;23.897
4622;204.8323559;23.897
4623;204.8413559;23.897
4624;204.8143559;23.897
4625;204.8413559;23.896
4626;204.8413559;23.898
4627;204.8413559;23.897
4628;204.9223559;23.897
4629;204.9843559;23.897
4630;205.0383559;23.897
4631;205.0923559;23.898
4632;205.1193559;23.898
4633;205.0743559;23.896
4634;205.0563559;23.897
4635;205.0113559;23.897
4636;204.9753559;23.898
4637;204.9753559;23.897
4638;205.0833559;23.897
4639;205.1733559;23.896
4640;205.3253559;23.897
4641;205.4683559;23.896
4642;205.5763559;23.897
4643;205.6663559;23.898
4644;205.6933559;23.898
4645;205.7553559;23.895
4646;205.8633559;23.897
4647;205.8993559;23.898
4648;205.9623559;23.898
4649;205.9973559;23.898
4650;206.0153559;23.898
4651;206.0693559;23.897
4652;206.1683559;23.898
4653;206.2933559;23.9
4654;206.3653559;23.9
4655;206.3833559;23.901
4656;206.4463559;23.901
4657;206.5713559;23.9
4658;206.6163559;23.901
4659;206.7063559;23.901
4660;206.7773559;23.901
4661;206.8313559;23.902
4662;206.8853559;23.904
4663;206.9393559;23.901
4664;207.0373559;23.902
4665;207.1273559;23.903
4666;207.1723559;23.904
4667;207.1903559;23.905
4668;207.1993559;23.904
4669;207.2353559;23.904
4670;207.3243559;23.905
4671;207.4323559;23.905
4672;207.5123559;23.904
4673;207.5483559;23.906
4674;207.5663559;23.904
4675;207.5573559;23.904
4676;207.6383559;23.905
4677;207.7283559;23.905
4678;207.8173559;23.903
4679;207.8623559;23.904
4680;207.9433559;23.905
4681;208.0243559;23.904
4682;208.0593559;23.905
4683;208.1223559;23.904
4684;208.1313559;23.907
4685;208.1403559;23.905
4686;208.0953559;23.905
4687;208.0503559;23.906
4688;208.1133559;23.907
4689;208.1853559;23.905
4690;208.3193559;23.905
4691;208.4183559;23.906
4692;208.5263559;23.908
4693;208.6153559;23.906
4694;208.6423559;23.906
4695;208.6513559;23.906
4696;208.6513559;23.905
4697;208.6603559;23.905
4698;208.7143559;23.908
4699;208.8033559;23.905
4700;208.8663559;23.905
4701;208.9473559;23.906
4702;208.9833559;23.905
4703;209.0373559;23.907
4704;209.0553559;23.906
4705;209.0723559;23.906
4706;209.0633559;23.908
4707;209.0813559;23.905
4708;209.0633559;23.907
4709;209.0633559;23.907
4710;209.1263559;23.905
4711;209.2253559;23.907
4712;209.3503559;23.905
4713;209.4403559;23.905
4714;209.4853559;23.905
4715;209.4763559;23.905
4716;209.4763559;23.904
4717;209.4853559;23.907
4718;209.5923559;23.906
4719;209.6823559;23.907
4720;209.7723559;23.906
4721;209.8263559;23.907
4722;209.8353559;23.907
4723;209.8973559;23.906
4724;209.9693559;23.909
4725;210.0233559;23.908
4726;210.0593559;23.907
4727;210.1303559;23.907
4728;210.1483559;23.907
4729;210.1753559;23.905
4730;210.2473559;23.907
4731;210.3283559;23.908
4732;210.3993559;23.907
4733;210.4173559;23.907
4734;210.3723559;23.908
4735;210.4353559;23.908
4736;210.4983559;23.907
4737;210.5613559;23.907
4738;210.6683559;23.905
4739;210.7493559;23.905
4740;210.7223559;23.907
4741;210.7943559;23.907
4742;210.8843559;23.906
4743;210.9373559;23.907
4744;210.9823559;23.908
4745;210.9553559;23.907
4746;210.9283559;23.906
4747;210.9013559;23.907
4748;210.9373559;23.905
4749;211.0183559;23.907
4750;211.1533559;23.906
4751;211.3233559;23.907
4752;211.4393559;23.908
4753;211.4753559;23.906
4754;211.4573559;23.905
4755;211.3863559;23.905
4756;211.3323559;23.905
4757;211.3053559;23.906
4758;211.3323559;23.905
4759;211.4393559;23.906
4760;211.5563559;23.907
4761;211.6993559;23.906
4762;211.7893559;23.908
4763;211.7803559;23.907
4764;211.7983559;23.908
4765;211.8163559;23.906
4766;211.7803559;23.908
4767;211.7443559;23.909
4768;211.7443559;23.909
4769;211.7893559;23.91
4770;211.9243559;23.907
4771;212.0493559;23.909
4772;212.1663559;23.908
4773;212.2463559;23.908
4774;212.2823559;23.91
4775;212.2553559;23.909
4776;212.2373559;23.907
4777;212.2373559;23.908
4778;212.2553559;23.907
4779;212.3003559;23.907
4780;212.3813559;23.907
4781;212.4713559;23.908
4782;212.5693559;23.91
4783;212.6143559;23.91
4784;212.6863559;23.91
4785;212.7843559;23.908
4786;212.8653559;23.91
4787;212.9553559;23.908
4788;213.0173559;23.911
4789;213.0093559;23.908
4790;213.1253559;23.907
4791;213.2423559;23.908
4792;213.3043559;23.91
4793;213.3493559;23.911
4794;213.3403559;23.91
4795;213.3943559;23.908
4796;213.4663559;23.909
4797;213.5823559;23.91
4798;213.7533559;23.91
4799;213.8243559;23.911
4800;213.8693559;23.91
4801;213.9323559;23.91
4802;213.9503559;23.91
4803;214.0043559;23.909
4804;214.1203559;23.91
4805;214.1923559;23.91
4806;214.2823559;23.911
4807;214.3183559;23.911
4808;214.3363559;23.91
4809;214.4073559;23.912
4810;214.4703559;23.911
4811;214.5333559;23.912
4812;214.5963559;23.912
4813;214.6313559;23.911
4814;214.6313559;23.912
4815;214.6943559;23.911
4816;214.8293559;23.912
4817;214.9453559;23.912
4818;215.0533559;23.911
4819;215.0983559;23.912
4820;215.0803559;23.914
4821;215.1343559;23.913
4822;215.2233559;23.914
4823;215.2953559;23.914
4824;215.3763559;23.913
4825;215.4393559;23.912
4826;215.5103559;23.911
4827;215.5553559;23.913
4828;215.6633559;23.912
4829;215.7613559;23.911
4830;215.8783559;23.911
4831;215.8873559;23.914
4832;215.8873559;23.911
4833;215.9053559;23.912
4834;215.9683559;23.912
4835;215.9943559;23.913
4836;216.0663559;23.913
4837;216.1743559;23.911
4838;216.2283559;23.912
4839;216.2463559;23.914
4840;216.2993559;23.912
4841;216.3533559;23.913
4842;216.4433559;23.913
4843;216.5063559;23.913
4844;216.4793559;23.913
4845;216.4613559;23.913
4846;216.4433559;23.915
4847;216.5153559;23.914
4848;216.5773559;23.914
4849;216.7573559;23.913
4850;216.8283559;23.913
4851;216.8823559;23.914
4852;216.9183559;23.914
4853;217.0173559;23.914
4854;217.0623559;23.914
4855;217.0883559;23.915
4856;217.1243559;23.914
4857;217.0883559;23.913
4858;217.1423559;23.914
4859;217.2773559;23.914
4860;217.4473559;23.915
4861;217.5193559;23.915
4862;217.5643559;23.914
4863;217.6183559;23.915
4864;217.6273559;23.915
4865;217.6803559;23.913
4866;217.7793559;23.914
4867;217.8693559;23.913
4868;217.8873559;23.915
4869;217.9583559;23.916
4870;218.0123559;23.916
4871;218.1293559;23.915
4872;218.2093559;23.914
4873;218.2633559;23.915
4874;218.3173559;23.917
4875;218.3443559;23.914
4876;218.3173559;23.914
4877;218.3983559;23.914
4878;218.4523559;23.915
4879;218.5053559;23.915
4880;218.6133559;23.913
4881;218.6493559;23.915
4882;218.6583559;23.914
4883;218.7653559;23.917
4884;218.8643559;23.915
4885;218.9273559;23.915
4886;218.9183559;23.915
4887;218.9543559;23.915
4888;218.9363559;23.914
4889;218.9813559;23.917
4890;219.0703559;23.917
4891;219.1783559;23.916
4892;219.2323559;23.917
4893;219.3573559;23.917
4894;219.4113559;23.916
4895;219.4203559;23.916
4896;219.4833559;23.918
4897;219.5463559;23.916
4898;219.5813559;23.916
4899;219.5813559;23.917
4900;219.6353559;23.916
4901;219.7343559;23.917
4902;219.8593559;23.918
4903;219.9583559;23.918
4904;220.0213559;23.918
4905;220.0483559;23.919
4906;220.0753559;23.92
4907;220.1203559;23.918
4908;220.1823559;23.918
4909;220.2993559;23.92
4910;220.3713559;23.919
4911;220.4963559;23.92
4912;220.5053559;23.919
4913;220.5233559;23.919
4914;220.5593559;23.92
4915;220.5503559;23.92
4916;220.6133559;23.919
4917;220.6493559;23.92
4918;220.6673559;23.919
4919;220.7563559;23.92
4920;220.8283559;23.921
4921;220.9543559;23.919
4922;221.0163559;23.919
4923;221.1063559;23.921
4924;221.1513559;23.921
4925;221.1513559;23.922
4926;221.1243559;23.92
4927;221.1513559;23.921
4928;221.2323559;23.92
4929;221.3573559;23.92
4930;221.4743559;23.921
4931;221.5633559;23.923
4932;221.6443559;23.92
4933;221.7433559;23.923
4934;221.8063559;23.923
4935;221.8323559;23.923
4936;221.8153559;23.924
4937;221.7973559;23.923
4938;221.8153559;23.921
4939;221.8063559;23.922
4940;221.9133559;23.923
4941;222.0213559;23.925
4942;222.1463559;23.923
4943;222.2093559;23.923
4944;222.2543559;23.924
4945;222.2543559;23.922
4946;222.3443559;23.923
4947;222.4333559;23.923
4948;222.5593559;23.923
4949;222.5953559;23.924
4950;222.6493559;23.921
4951;222.6933559;23.924
4952;222.6763559;23.923
4953;222.6933559;23.923
4954;222.7743559;23.923
4955;222.8283559;23.924
4956;222.9183559;23.923
4957;222.9893559;23.924
4958;223.0793559;23.924
4959;223.0883559;23.924
4960;223.1333559;23.924
4961;223.0613559;23.924
4962;222.9713559;23.924
4963;222.9093559;23.921
4964;222.8823559;23.923
4965;222.9183559;23.923
4966;222.9803559;23.924
4967;223.0703559;23.924
4968;223.1873559;23.924
4969;223.2583559;23.924
4970;223.2763559;23.923
4971;223.3033559;23.923
4972;223.3033559;23.923
4973;223.2853559;23.924
4974;223.2853559;23.923
4975;223.3303559;23.924
4976;223.3573559;23.921
4977;223.4563559;23.923
4978;223.5723559;23.924
4979;223.6893559;23.924
4980;223.7613559;23.924
4981;223.8153559;23.924
4982;223.7973559;23.924
4983;223.7343559;23.924
4984;223.6803559;23.926
4985;223.7073559;23.924
4986;223.6983559;23.923
4987;223.7523559;23.923
4988;223.8683559;23.923
4989;223.9853559;23.924
4990;224.0393559;23.925
4991;224.1023559;23.923
4992;224.1643559;23.925
4993;224.1643559;23.925
4994;224.1643559;23.924
4995;224.1463559;23.924
4996;224.1373559;23.924
4997;224.1553559;23.926
4998;224.2003559;23.924
4999;224.2813559;23.926
5000;224.3443559;23.926
5001;224.3973559;23.927
5002;224.4333559;23.926
5003;224.3803559;23.926
5004;224.3533559;23.925
5005;224.3973559;23.925
5006;224.4153559;23.926
5007;224.5053559;23.924
5008;224.6313559;23.926
5009;224.6933559;23.927
5010;224.7113559;23.926
5011;224.7023559;23.928
5012;224.7023559;23.926
5013;224.6403559;23.926
5014;224.6493559;23.928
5015;224.6853559;23.925
5016;224.8553559;23.927
5017;224.9893559;23.926
5018;225.0613559;23.927
5019;225.1423559;23.928
5020;225.1783559;23.927
5021;225.2053559;23.927
5022;225.1873559;23.927
5023;225.1873559;23.926
5024;225.1963559;23.927
5025;225.2413559;23.927
5026;225.2503559;23.927
5027;225.3123559;23.929
5028;225.4473559;23.928
5029;225.5103559;23.928
5030;225.6083559;23.928
5031;225.6803559;23.928
5032;225.7163559;23.928
5033;225.7523559;23.928
5034;225.6803559;23.929
5035;225.5813559;23.928
5036;225.5723559;23.929
5037;225.5553559;23.927
5038;225.5993559;23.929
5039;225.6983559;23.927
5040;225.8243559;23.929
5041;225.9043559;23.93
5042;225.9853559;23.931
5043;226.0123559;23.931
5044;225.9943559;23.931
5045;225.9403559;23.928
5046;225.9403559;23.93
5047;226.0033559;23.929
5048;226.0753559;23.928
5049;226.1823559;23.93
5050;226.2453559;23.93
5051;226.2903559;23.928
5052;226.3353559;23.929
5053;226.3083559;23.929
5054;226.2183559;23.93
5055;226.2543559;23.93
5056;226.3353559;23.931
5057;226.4333559;23.928
5058;226.5413559;23.93
5059;226.6223559;23.93
5060;226.7213559;23.931
5061;226.7473559;23.932
5062;226.7213559;23.931
5063;226.5953559;23.93
5064;226.5683559;23.931
5065;226.5863559;23.93
5066;226.6493559;23.928
5067;226.7293559;23.93
5068;226.8013559;23.933
5069;226.9183559;23.93
5070;227.0253559;23.932
5071;227.0883559;23.932
5072;227.1243559;23.934
5073;227.1423559;23.933
5074;227.0793559;23.932
5075;227.0253559;23.932
5076;226.9363559;23.932
5077;226.9363559;23.931
5078;226.9453559;23.93
5079;227.0703559;23.93
5080;227.1423559;23.931
5081;227.2143559;23.932
5082;227.3213559;23.933
5083;227.4023559;23.933
5084;227.4293559;23.933
5085;227.4023559;23.934
5086;227.3753559;23.934
5087;227.3933559;23.934
5088;227.4023559;23.936
5089;227.4023559;23.934
5090;227.3483559;23.933
5091;227.3843559;23.933
5092;227.4563559;23.934
5093;227.5013559;23.933
5094;227.5373559;23.934
5095;227.6623559;23.934
5096;227.7523559;23.935
5097;227.8063559;23.936
5098;227.8603559;23.935
5099;227.8953559;23.935
5100;227.8693559;23.936
5101;227.8153559;23.935
5102;227.7613559;23.935
5103;227.7523559;23.934
5104;227.8063559;23.935
5105;227.8783559;23.935
5106;227.9943559;23.934
5107;228.1203559;23.934
5108;228.2363559;23.936
5109;228.2633559;23.935
5110;228.2813559;23.936
5111;228.2003559;23.936
5112;228.1563559;23.935
5113;228.1023559;23.936
5114;228.0663559;23.936
5115;228.1383559;23.936
5116;228.2453559;23.937
5117;228.3263559;23.934
5118;228.4793559;23.936
5119;228.5413559;23.934
5120;228.5143559;23.934
5121;228.4793559;23.934
5122;228.4253559;23.936
5123;228.4073559;23.934
5124;228.4433559;23.936
5125;228.5233559;23.933
5126;228.5953559;23.934
5127;228.6853559;23.937
5128;228.7923559;23.937
5129;228.8373559;23.935
5130;228.8193559;23.935
5131;228.8283559;23.936
5132;228.8553559;23.936
5133;228.8823559;23.937
5134;228.9363559;23.936
5135;228.9903559;23.936
5136;229.0883559;23.936
5137;229.1063559;23.937
5138;229.1423559;23.939
5139;229.1873559;23.939
5140;229.2233559;23.937
5141;229.2413559;23.939
5142;229.2863559;23.936
5143;229.2773559;23.937
5144;229.2773559;23.937
5145;229.3223559;23.937
5146;229.3843559;23.939
5147;229.3933559;23.939
5148;229.4563559;23.937
5149;229.4833559;23.937
5150;229.5463559;23.939
5151;229.6363559;23.939
5152;229.5913559;23.94
5153;229.6003559;23.938
5154;229.6183559;23.939
5155;229.6363559;23.938
5156;229.6003559;23.938
5157;229.5823559;23.937
5158;229.5913559;23.939
5159;229.6273559;23.939
5160;229.7073559;23.939
5161;229.7703559;23.937
5162;229.8963559;23.939
5163;229.9683559;23.939
5164;229.9763559;23.937
5165;229.9503559;23.939
5166;229.9053559;23.937
5167;229.8873559;23.941
5168;229.9413559;23.939
5169;230.0213559;23.939
5170;230.1203559;23.94
5171;230.2013559;23.941
5172;230.2193559;23.94
5173;230.2283559;23.941
5174;230.2373559;23.941
5175;230.1563559;23.94
5176;230.1293559;23.943
5177;230.1473559;23.942
5178;230.1833559;23.942
5179;230.2553559;23.941
5180;230.3533559;23.943
5181;230.4343559;23.943
5182;230.4793559;23.944
5183;230.5243559;23.942
5184;230.5243559;23.942
5185;230.5243559;23.943
5186;230.4883559;23.943
5187;230.4433559;23.942
5188;230.4883559;23.942
5189;230.5243559;23.942
5190;230.5603559;23.941
5191;230.6493559;23.941
5192;230.7933559;23.943
5193;230.8473559;23.943
5194;230.8913559;23.941
5195;230.8473559;23.943
5196;230.8203559;23.944
5197;230.7843559;23.943
5198;230.7573559;23.944
5199;230.7573559;23.944
5200;230.8383559;23.944
5201;230.8823559;23.943
5202;230.9273559;23.943
5203;231.0263559;23.943
5204;231.1073559;23.943
5205;231.1073559;23.943
5206;231.1253559;23.946
5207;231.1253559;23.943
5208;231.1253559;23.944
5209;231.1613559;23.944
5210;231.1783559;23.944
5211;231.1963559;23.944
5212;231.2143559;23.944
5213;231.2593559;23.943
5214;231.3133559;23.944
5215;231.3853559;23.944
5216;231.4573559;23.941
5217;231.5283559;23.941
5218;231.6273559;23.944
5219;231.6273559;23.945
5220;231.6363559;23.942
5221;231.5823559;23.943
5222;231.5643559;23.942
5223;231.5463559;23.945
5224;231.6003559;23.944
5225;231.7353559;23.944
5226;231.7793559;23.942
5227;231.8783559;23.944
5228;231.9053559;23.944
5229;231.8963559;23.945
5230;231.8423559;23.945
5231;231.7793559;23.944
5232;231.8333559;23.943
5233;231.9773559;23.945
5234;232.1023559;23.944
5235;232.1293559;23.944
5236;232.1473559;23.944
5237;232.1293559;23.946
5238;232.0933559;23.945
5239;232.0843559;23.944
5240;232.1113559;23.946
5241;232.1923559;23.945
5242;232.3003559;23.946
5243;232.3983559;23.945
5244;232.4883559;23.946
5245;232.5243559;23.946
5246;232.5153559;23.947
5247;232.5063559;23.948
5248;232.4883559;23.948
5249;232.4883559;23.946
5250;232.5423559;23.946
5251;232.6323559;23.947
5252;232.7303559;23.946
5253;232.7843559;23.947
5254;232.8383559;23.947
5255;232.8473559;23.947
5256;232.8833559;23.947
5257;232.9283559;23.947
5258;232.9643559;23.949
5259;233.0083559;23.947
5260;233.0443559;23.947
5261;233.0803559;23.948
5262;233.1433559;23.949
5263;233.2153559;23.949
5264;233.2873559;23.949
5265;233.3403559;23.949
5266;233.3763559;23.947
5267;233.3853559;23.95
5268;233.4123559;23.95
5269;233.4303559;23.951
5270;233.4933559;23.949
5271;233.5383559;23.95
5272;233.5653559;23.95
5273;233.6903559;23.95
5274;233.7263559;23.951
5275;233.7713559;23.951
5276;233.7173559;23.952
5277;233.6993559;23.952
5278;233.7533559;23.953
5279;233.7983559;23.954
5280;233.8343559;23.952
5281;233.8793559;23.952
5282;233.9413559;23.954
5283;234.0043559;23.953
5284;234.0133559;23.952
5285;233.9863559;23.954
5286;234.0043559;23.952
5287;233.9953559;23.953
5288;234.0043559;23.954
5289;234.0673559;23.951
5290;234.1213559;23.952
5291;234.2463559;23.953
5292;234.3363559;23.954
5293;234.4083559;23.954
5294;234.4263559;23.952
5295;234.4083559;23.954
5296;234.3543559;23.952
5297;234.3273559;23.952
5298;234.2913559;23.952
5299;234.3363559;23.951
5300;234.4353559;23.953
5301;234.5243559;23.952
5302;234.5873559;23.953
5303;234.6413559;23.954
5304;234.6503559;23.953
5305;234.6503559;23.954
5306;234.6053559;23.953
5307;234.6143559;23.952
5308;234.6233559;23.954
5309;234.6953559;23.952
5310;234.7313559;23.953
5311;234.8123559;23.953
5312;234.8563559;23.953
5313;234.9463559;23.953
5314;235.0003559;23.953
5315;235.0093559;23.953
5316;235.0273559;23.953
5317;235.0003559;23.953
5318;234.9733559;23.956
5319;234.9643559;23.953
5320;235.0183559;23.953
5321;235.0093559;23.953
5322;235.0003559;23.953
5323;235.0363559;23.954
5324;235.0093559;23.954
5325;235.0273559;23.952
5326;235.0003559;23.953
5327;234.9913559;23.953
5328;235.0453559;23.953
5329;235.1263559;23.952
5330;235.1433559;23.954
5331;235.1433559;23.954
5332;235.0813559;23.953
5333;235.0183559;23.953
5334;235.0093559;23.954
5335;234.9913559;23.952
5336;235.0363559;23.954
5337;235.0453559;23.953
5338;235.0903559;23.953
5339;235.1173559;23.953
5340;235.0993559;23.953
5341;235.0633559;23.953
5342;235.0183559;23.953
5343;234.9733559;23.954
5344;234.9643559;23.953
5345;235.0453559;23.954
5346;235.0813559;23.954
5347;235.1083559;23.956
5348;235.1433559;23.954
5349;235.1523559;23.954
5350;235.1793559;23.952
5351;235.1343559;23.954
5352;235.1083559;23.953
5353;235.0543559;23.953
5354;235.0003559;23.953
5355;235.0543559;23.954
5356;235.1433559;23.954
5357;235.2153559;23.953
5358;235.2333559;23.952
5359;235.2603559;23.953
5360;235.3413559;23.953
5361;235.3953559;23.953
5362;235.4043559;23.953
5363;235.4483559;23.952
5364;235.4843559;23.954
5365;235.4933559;23.953
5366;235.5293559;23.953
5367;235.5563559;23.954
5368;235.6193559;23.954
5369;235.6193559;23.953
5370;235.6643559;23.955
5371;235.6913559;23.953
5372;235.7363559;23.95
5373;235.7893559;23.953
5374;235.7983559;23.952
5375;235.8433559;23.952
5376;235.9063559;23.954
5377;235.8973559;23.953
5378;235.9153559;23.954
5379;235.9063559;23.953
5380;235.9513559;23.953
5381;236.0143559;23.953
5382;236.0853559;23.955
5383;236.2023559;23.954
5384;236.3283559;23.954
5385;236.3463559;23.954
5386;236.3723559;23.953
5387;236.3283559;23.953
5388;236.2833559;23.953
5389;236.2833559;23.954
5390;236.3193559;23.954
5391;236.4263559;23.953
5392;236.5523559;23.953
5393;236.6063559;23.954
5394;236.6513559;23.955
5395;236.7223559;23.957
5396;236.7133559;23.956
5397;236.7313559;23.955
5398;236.6773559;23.954
5399;236.6603559;23.956
5400;236.6693559;23.956
5401;236.7223559;23.956
5402;236.7853559;23.957
5403;236.9023559;23.957
5404;236.9383559;23.958
5405;237.0003559;23.956
5406;237.0093559;23.957
5407;236.9653559;23.957
5408;236.8933559;23.956
5409;236.9383559;23.959
5410;236.9473559;23.959
5411;236.9743559;23.955
5412;237.0813559;23.958
5413;237.1443559;23.956
5414;237.2253559;23.959
5415;237.3413559;23.956
5416;237.3863559;23.958
5417;237.4763559;23.958
5418;237.4583559;23.957
5419;237.4403559;23.958
5420;237.4403559;23.96
5421;237.4583559;23.957
5422;237.4583559;23.957
5423;237.4673559;23.957
5424;237.5843559;23.959
5425;237.7363559;23.957
5426;237.8173559;23.959
5427;237.8623559;23.959
5428;237.9603559;23.962
5429;237.9603559;23.961
5430;237.9693559;23.962
5431;237.9693559;23.962
5432;237.8893559;23.96
5433;237.8803559;23.962
5434;237.9423559;23.961
5435;238.0503559;23.96
5436;238.1763559;23.962
5437;238.3103559;23.963
5438;238.3373559;23.963
5439;238.3643559;23.964
5440;238.3283559;23.963
5441;238.2923559;23.962
5442;238.2473559;23.962
5443;238.2213559;23.963
5444;238.2563559;23.962
5445;238.3013559;23.963
5446;238.3643559;23.964
5447;238.4723559;23.964
5448;238.5703559;23.964
5449;238.5973559;23.964
5450;238.6513559;23.964
5451;238.7143559;23.963
5452;238.7413559;23.964
5453;238.7053559;23.964
5454;238.6873559;23.963
5455;238.7413559;23.963
5456;238.7413559;23.964
5457;238.7683559;23.962
5458;238.8753559;23.964
5459;238.9563559;23.965
5460;238.9923559;23.967
5461;239.0013559;23.964
5462;238.9833559;23.964
5463;238.9653559;23.964
5464;238.9923559;23.964
5465;239.0283559;23.963
5466;239.0733559;23.965
5467;239.1003559;23.963
5468;239.1723559;23.965
5469;239.2343559;23.964
5470;239.2613559;23.966
5471;239.3603559;23.967
5472;239.4053559;23.969
5473;239.4593559;23.969
5474;239.4323559;23.972
5475;239.4413559;23.969
5476;239.3783559;23.971
5477;239.3783559;23.967
5478;239.4593559;23.968
5479;239.6023559;23.967
5480;239.6653559;23.971
5481;239.7193559;23.972
5482;239.7553559;23.97
5483;239.8003559;23.97
5484;239.8623559;23.972
5485;239.9073559;23.972
5486;239.9073559;23.972
5487;239.9613559;23.972
5488;240.0333559;23.973
5489;240.0513559;23.972
5490;240.0513559;23.973
5491;240.1583559;23.971
5492;240.1853559;23.973
5493;240.2213559;23.974
5494;240.2213559;23.976
5495;240.2393559;23.975
5496;240.2483559;23.976
5497;240.2573559;23.975
5498;240.3383559;23.975
5499;240.4373559;23.976
5500;240.5713559;23.977
5501;240.6073559;23.977
5502;240.6253559;23.979
5503;240.5803559;23.977
5504;240.5443559;23.976
5505;240.5893559;23.976
5506;240.6523559;23.979
5507;240.6793559;23.978
5508;240.8133559;23.977
5509;240.8583559;23.98
5510;240.9123559;23.98
5511;240.8943559;23.978
5512;240.8943559;23.98
5513;240.9033559;23.979
5514;240.8943559;23.977
5515;240.8943559;23.979
5516;240.8853559;23.979
5517;240.9303559;23.979
5518;241.0293559;23.979
5519;241.1003559;23.98
5520;241.1903559;23.981
5521;241.3163559;23.979
5522;241.3523559;23.982
5523;241.3073559;23.983
5524;241.2623559;23.98
5525;241.1813559;23.982
5526;241.1183559;23.979
5527;241.0913559;23.982
5528;241.1093559;23.98
5529;241.2083559;23.979
5530;241.3523559;23.979
5531;241.4413559;23.979
5532;241.4953559;23.981
5533;241.4863559;23.981
5534;241.4953559;23.982
5535;241.4773559;23.981
5536;241.3973559;23.98
5537;241.3883559;23.981
5538;241.4413559;23.98
5539;241.5493559;23.98
5540;241.6213559;23.98
5541;241.6753559;23.984
5542;241.7283559;23.983
5543;241.7823559;23.984
5544;241.7823559;23.984
5545;241.7823559;23.985
5546;241.8093559;23.986
5547;241.8363559;23.985
5548;241.8903559;23.984
5549;241.9353559;23.985
5550;242.0163559;23.988
5551;242.1233559;23.987
5552;242.2673559;23.99
5553;242.2313559;23.989
5554;242.2223559;23.992
5555;242.1773559;23.991
5556;242.1953559;23.99
5557;242.1863559;23.99
5558;242.2673559;23.989
5559;242.3743559;23.99
5560;242.4553559;23.991
5561;242.5183559;23.99
5562;242.5723559;23.992
5563;242.5993559;23.992
5564;242.6263559;23.993
5565;242.6713559;23.995
5566;242.6883559;23.994
5567;242.7333559;23.995
5568;242.8323559;23.995
5569;242.8863559;23.994
5570;242.9583559;23.995
5571;243.0203559;23.994
5572;243.1013559;23.995
5573;243.1643559;23.998
5574;243.1463559;23.999
5575;243.1283559;23.997
5576;243.0653559;23.998
5577;243.0113559;23.996
5578;243.0293559;23.996
5579;243.0653559;23.998
5580;243.2183559;23.996
5581;243.3433559;23.996
5582;243.4513559;23.998
5583;243.5413559;23.999
5584;243.5593559;23.998
5585;243.4873559;23.999
5586;243.4873559;23.999
5587;243.4603559;23.999
5588;243.4873559;23.999
5589;243.5323559;23.999
5590;243.6753559;24.0
5591;243.7653559;24.001
5592;243.8463559;24.005
5593;244.0163559;24.002
5594;244.0703559;24.003
5595;244.0883559;24.003
5596;244.0613559;24.005
5597;243.9893559;24.006
5598;243.9183559;24.006
5599;243.9093559;24.003
5600;243.9453559;24.003
5601;244.0523559;24.003
5602;244.1423559;24.003
5603;244.2413559;24.003
5604;244.3393559;24.003
5605;244.3303559;24.003
5606;244.3483559;24.004
5607;244.3213559;24.005
5608;244.3303559;24.005
5609;244.2863559;24.003
5610;244.2863559;24.004
5611;244.3033559;24.002
5612;244.3573559;24.004
5613;244.4653559;24.004
5614;244.6093559;24.005
5615;244.7073559;24.009
5616;244.7883559;24.009
5617;244.7973559;24.01
5618;244.8243559;24.009
5619;244.7703559;24.01
5620;244.6803559;24.008
5621;244.6183559;24.008
5622;244.5463559;24.008
5623;244.5553559;24.005
5624;244.6623559;24.005
5625;244.7703559;24.008
5626;244.9053559;24.008
5627;245.0483559;24.009
5628;245.1113559;24.009
5629;245.1023559;24.011
5630;245.0663559;24.01
5631;245.0483559;24.009
5632;244.9943559;24.008
5633;244.9583559;24.009
5634;244.9763559;24.008
5635;245.0573559;24.009
5636;245.1653559;24.009
5637;245.2373559;24.01
5638;245.2733559;24.011
5639;245.3803559;24.01
5640;245.4433559;24.012
5641;245.4973559;24.014
5642;245.5153559;24.015
5643;245.4883559;24.014
5644;245.4793559;24.014
5645;245.4433559;24.014
5646;245.4883559;24.013
5647;245.5513559;24.014
5648;245.6583559;24.014
5649;245.7483559;24.018
5650;245.8113559;24.018
5651;245.8473559;24.018
5652;245.8833559;24.016
5653;245.9193559;24.016
5654;245.9993559;24.018
5655;246.0533559;24.018
5656;246.0713559;24.019
5657;246.0533559;24.019
5658;246.0443559;24.021
5659;246.0803559;24.021
5660;246.1523559;24.022
5661;246.2953559;24.027
5662;246.4123559;24.032
5663;246.5203559;24.032
5664;246.5113559;24.035
5665;246.4843559;24.035
5666;246.4843559;24.035
5667;246.5203559;24.034
5668;246.5653559;24.037
5669;246.6183559;24.041
5670;246.6993559;24.042
5671;246.7263559;24.042
5672;246.7533559;24.045
5673;246.8163559;24.047
5674;246.8883559;24.048
5675;246.9503559;24.05
5676;246.9863559;24.051
5677;246.9773559;24.051
5678;247.0043559;24.052
5679;247.0223559;24.052
5680;247.0763559;24.053
5681;247.2113559;24.054
5682;247.3093559;24.058
5683;247.3543559;24.06
5684;247.4083559;24.061
5685;247.3723559;24.062
5686;247.3363559;24.06
5687;247.3093559;24.06
5688;247.2913559;24.058
5689;247.3993559;24.06
5690;247.4623559;24.058
5691;247.5613559;24.064
5692;247.6053559;24.067
5693;247.6593559;24.072
5694;247.7043559;24.074
5695;247.7673559;24.077
5696;247.7943559;24.08
5697;247.9023559;24.089
5698;247.9823559;24.095
5699;248.0453559;24.1
5700;248.0363559;24.109
5701;248.0363559;24.112
5702;248.0453559;24.113
5703;248.0543559;24.113
5704;248.0453559;24.109
5705;248.0543559;24.106
5706;248.0543559;24.106
5707;248.0453559;24.106
5708;248.0993559;24.109
5709;248.1803559;24.112
5710;248.2873559;24.123
5711;248.3863559;24.138
5712;248.5033559;24.151
5713;248.5573559;24.159
5714;248.5663559;24.159
5715;248.5923559;24.159
5716;248.5743559;24.156
5717;248.5923559;24.155
5718;248.6373559;24.153
5719;248.6823559;24.158
5720;248.7543559;24.162
5721;248.7723559;24.165
5722;248.7903559;24.17
5723;248.8533559;24.174
5724;248.9783559;24.183
5725;249.0953559;24.197
5726;249.1853559;24.208
5727;249.2653559;24.213
5728;249.2213559;24.213
5729;249.2473559;24.211
5730;249.2653559;24.212
5731;249.2923559;24.209
5732;249.3283559;24.214
5733;249.4273559;24.223
5734;249.4813559;24.23
5735;249.5083559;24.238
5736;249.5443559;24.242
5737;249.5793559;24.245
5738;249.6333559;24.247
5739;249.7143559;24.255
5740;249.7683559;24.258
5741;249.8043559;24.261
5742;249.8493559;24.264
5743;249.8763559;24.265
5744;249.9293559;24.265
5745;249.9833559;24.27
5746;250.0913559;24.279
5747;250.1993559;24.289
5748;250.2433559;24.294
5749;250.3063559;24.296
5750;250.3063559;24.293
5751;250.2613559;24.289
5752;250.2343559;24.289
5753;250.3063559;24.289
5754;250.3963559;24.293
5755;250.4863559;24.304
5756;250.5753559;24.311
5757;250.6653559;24.317
5758;250.7013559;24.322
5759;250.7373559;24.324
5760;250.7913559;24.328
5761;250.8813559;24.338
5762;250.9613559;24.354
5763;250.9883559;24.366
5764;251.0423559;24.366
5765;250.9793559;24.366
5766;250.9793559;24.36
5767;250.9433559;24.357
5768;250.9613559;24.354
5769;251.0783559;24.354
5770;251.2133559;24.363
5771;251.2933559;24.386
5772;251.4103559;24.409
5773;251.4733559;24.419
5774;251.4103559;24.418
5775;251.4103559;24.41
5776;251.4283559;24.403
5777;251.4823559;24.402
5778;251.5543559;24.412
5779;251.6433559;24.438
5780;251.7603559;24.459
5781;251.8413559;24.465
5782;251.8593559;24.469
5783;251.8503559;24.47
5784;251.9483559;24.468
5785;251.9933559;24.468
5786;252.0113559;24.467
5787;251.9573559;24.467
5788;252.0023559;24.466
5789;251.9753559;24.465
5790;252.0563559;24.464
5791;252.1193559;24.468
5792;252.2093559;24.478
5793;252.3253559;24.492
5794;252.4423559;24.507
5795;252.5323559;24.517
5796;252.5413559;24.523
5797;252.4603559;24.519
5798;252.4063559;24.514
5799;252.3523559;24.511
5800;252.3703559;24.507
5801;252.4423559;24.505
5802;252.5683559;24.508
5803;252.6843559;24.516
5804;252.7383559;24.532
5805;252.8373559;24.544
5806;252.8553559;24.551
5807;252.8733559;24.55
5808;252.8823559;24.553
5809;252.9533559;24.556
5810;253.0073559;24.566
5811;253.0613559;24.57
5812;253.1513559;24.579
5813;253.2233559;24.588
5814;253.2763559;24.595
5815;253.3483559;24.604
5816;253.4563559;24.61
5817;253.5013559;24.616
5818;253.4473559;24.614
5819;253.3573559;24.611
5820;253.3393559;24.61
5821;253.2763559;24.606
5822;253.2673559;24.606
5823;253.2853559;24.604
5824;253.3753559;24.605
5825;253.5193559;24.611
5826;253.6263559;24.617
5827;253.7253559;24.625
5828;253.7433559;24.631
5829;253.7433559;24.63
5830;253.7073559;24.628
5831;253.6533559;24.623
5832;253.6803559;24.621
5833;253.7433559;24.62
5834;253.8333559;24.621
5835;253.9233559;24.627
5836;254.0123559;24.638
5837;254.1023559;24.646
5838;254.0933559;24.651
5839;254.1383559;24.653
5840;254.1563559;24.651
5841;254.2103559;24.654
5842;254.2553559;24.655
5843;254.2993559;24.658
5844;254.3623559;24.666
5845;254.4163559;24.671
5846;254.4703559;24.676
5847;254.4973559;24.68
5848;254.5423559;24.679
5849;254.5873559;24.684
5850;254.6673559;24.692
5851;254.6943559;24.697
5852;254.7933559;24.701
5853;254.8653559;24.705
5854;254.8833559;24.707
5855;254.8563559;24.712
5856;254.8473559;24.713
5857;254.9373559;24.709
5858;254.9813559;24.715
5859;254.9993559;24.721
5860;255.0443559;24.722
5861;255.0533559;24.723
5862;255.0983559;24.725
5863;255.0983559;24.725
5864;255.1793559;24.728
5865;255.2423559;24.731
5866;255.3403559;24.737
5867;255.3943559;24.744
5868;255.4303559;24.746
5869;255.4573559;24.75
5870;255.5023559;24.752
5871;255.4753559;24.748
5872;255.5023559;24.745
5873;255.5833559;24.744
5874;255.6193559;24.75
5875;255.7353559;24.754
5876;255.7623559;24.758
5877;255.8523559;24.759
5878;255.8253559;24.762
5879;255.8433559;24.762
5880;255.9153559;24.762
5881;255.9603559;24.766
5882;256.0673559;24.773
5883;256.1753559;24.78
5884;256.1843559;24.782
5885;256.2203559;24.78
5886;256.2023559;24.782
5887;256.2293559;24.78
5888;256.2023559;24.781
5889;256.1933559;24.781
5890;256.2743559;24.775
5891;256.3633559;24.781
5892;256.4263559;24.787
5893;256.4803559;24.788
5894;256.4893559;24.791
5895;256.5613559;24.794
5896;256.5433559;24.794
5897;256.5073559;24.794
5898;256.5163559;24.791
5899;256.5883559;24.791
5900;256.6243559;24.795
5901;256.6873559;24.798
5902;256.7403559;24.802
5903;256.7763559;24.803
5904;256.8483559;24.804
5905;256.9833559;24.804
5906;257.0543559;24.808
5907;257.0993559;24.81
5908;257.1353559;24.811
5909;257.1533559;24.811
5910;257.1263559;24.813
5911;257.0723559;24.808
5912;257.0633559;24.81
5913;257.0633559;24.808
5914;257.1263559;24.809
5915;257.1893559;24.807
5916;257.2613559;24.813
5917;257.3953559;24.82
5918;257.4673559;24.824
5919;257.5303559;24.827
5920;257.5303559;24.829
5921;257.5753559;24.828
5922;257.5843559;24.83
5923;257.5393559;24.828
5924;257.5933559;24.829
5925;257.6113559;24.828
5926;257.6473559;24.83
5927;257.7193559;24.834
5928;257.8173559;24.838
5929;257.9433559;24.846
5930;258.0243559;24.853
5931;258.0863559;24.855
5932;258.0603559;24.854
5933;258.0603559;24.856
5934;258.0513559;24.856
5935;258.0513559;24.855
5936;258.0603559;24.856
5937;258.1223559;24.856
5938;258.2393559;24.857
5939;258.3383559;24.859
5940;258.4453559;24.861
5941;258.4633559;24.866
5942;258.4903559;24.864
5943;258.4993559;24.869
5944;258.5623559;24.869
5945;258.5803559;24.87
5946;258.5443559;24.869
5947;258.5983559;24.87
5948;258.6523559;24.871
5949;258.6973559;24.872
5950;258.7423559;24.874
5951;258.8313559;24.876
5952;258.8673559;24.875
5953;258.9933559;24.882
5954;259.0743559;24.881
5955;259.1813559;24.881
5956;259.2353559;24.882
5957;259.2893559;24.884
5958;259.2173559;24.882
5959;259.1633559;24.883
5960;259.1453559;24.882
5961;259.1993559;24.882
5962;259.2443559;24.882
5963;259.3343559;24.881
5964;259.4243559;24.882
5965;259.5043559;24.886
5966;259.5583559;24.89
5967;259.6753559;24.891
5968;259.6843559;24.891
5969;259.6843559;24.892
5970;259.6303559;24.889
5971;259.5943559;24.889
5972;259.5853559;24.888
5973;259.5853559;24.888
5974;259.6393559;24.889
5975;259.7203559;24.889
5976;259.7833559;24.889
5977;259.8103559;24.893
5978;259.8013559;24.892
5979;259.8013559;24.891
5980;259.7743559;24.891
5981;259.7473559;24.891
5982;259.7833559;24.889
5983;259.8813559;24.891
5984;260.0523559;24.896
5985;260.1603559;24.897
5986;260.2403559;24.897
5987;260.3033559;24.898
5988;260.2583559;24.897
5989;260.1603559;24.898
5990;260.1513559;24.897
5991;260.1863559;24.898
5992;260.2853559;24.899
5993;260.3663559;24.897
5994;260.4833559;24.899
5995;260.5903559;24.906
5996;260.6443559;24.907
5997;260.6803559;24.908
5998;260.6893559;24.91
5999;260.6443559;24.908
6000;260.6173559;24.908
6001;260.6083559;24.907
6002;260.6713559;24.907
6003;260.7343559;24.907
6004;260.8773559;24.91
6005;260.9223559;24.914
6006;261.0393559;24.915
6007;261.1563559;24.917
6008;261.2103559;24.919
6009;261.1923559;24.914
6010;261.1563559;24.916
6011;261.0753559;24.914
6012;261.0753559;24.914
6013;261.0933559;24.914
6014;261.1293559;24.914
6015;261.2103559;24.914
6016;261.3533559;24.914
6017;261.5063559;24.917
6018;261.5863559;24.918
6019;261.6493559;24.92
6020;261.6403559;24.92
6021;261.6133559;24.92
6022;261.5773559;24.918
6023;261.5423559;24.918
6024;261.5773559;24.917
6025;261.6673559;24.917
6026;261.7843559;24.918
6027;261.9103559;24.92
6028;262.0443559;24.922
6029;262.0533559;24.923
6030;262.0533559;24.923
6031;262.1073559;24.924
6032;262.1613559;24.924
6033;262.1523559;24.922
6034;262.1793559;24.924
6035;262.1973559;24.921
6036;262.2423559;24.924
6037;262.3583559;24.924
6038;262.4033559;24.929
6039;262.4663559;24.929
6040;262.5653559;24.93
6041;262.6363559;24.931
6042;262.6543559;24.931
6043;262.6193559;24.931
6044;262.6103559;24.93
6045;262.6193559;24.93
6046;262.6193559;24.93
6047;262.6813559;24.931
6048;262.8253559;24.931
6049;262.9243559;24.93
6050;263.0403559;24.931
6051;263.1033559;24.933
6052;263.1303559;24.933
6053;263.1663559;24.934
6054;263.1483559;24.934
6055;263.1303559;24.932
6056;263.1573559;24.933
6057;263.1213559;24.932
6058;263.1753559;24.933
6059;263.2113559;24.931
6060;263.2833559;24.933
6061;263.4083559;24.933
6062;263.4713559;24.935
6063;263.5523559;24.935
6064;263.5973559;24.937
6065;263.6423559;24.938
6066;263.6063559;24.936
6067;263.5343559;24.937
6068;263.5163559;24.936
6069;263.5163559;24.936
6070;263.5883559;24.936
6071;263.6513559;24.935
6072;263.7673559;24.938
6073;263.8933559;24.94
6074;263.9833559;24.941
6075;264.0633559;24.944
6076;264.1083559;24.946
6077;264.1173559;24.944
6078;264.1173559;24.943
6079;264.1173559;24.944
6080;264.1983559;24.941
6081;264.2433559;24.945
6082;264.3333559;24.943
6083;264.3963559;24.945
6084;264.4493559;24.947
6085;264.5213559;24.946
6086;264.5573559;24.947
6087;264.6113559;24.947
6088;264.6383559;24.95
6089;264.6113559;24.948
6090;264.6293559;24.948
6091;264.6023559;24.949
6092;264.6563559;24.949
6093;264.7373559;24.95
6094;264.8623559;24.952
6095;264.9613559;24.953
6096;265.0243559;24.954
6097;265.0783559;24.954
6098;265.0513559;24.956
6099;264.9973559;24.954
6100;264.9613559;24.953
6101;264.9253559;24.953
6102;264.9433559;24.953
6103;265.0333559;24.953
6104;265.1143559;24.953
6105;265.2213559;24.953
6106;265.2933559;24.954
6107;265.3113559;24.954
6108;265.3293559;24.953
6109;265.2843559;24.953
6110;265.3023559;24.953
6111;265.3473559;24.953
6112;265.4733559;24.954
6113;265.5803559;24.954
6114;265.6343559;24.954
6115;265.6973559;24.954
6116;265.7063559;24.954
6117;265.7603559;24.956
6118;265.7333559;24.955
6119;265.6793559;24.953
6120;265.6613559;24.953
6121;265.6253559;24.954
6122;265.6163559;24.953
6123;265.6343559;24.954
6124;265.7513559;24.955
6125;265.8853559;24.954
6126;265.9393559;24.953
6127;266.0293559;24.955
6128;266.1103559;24.954
6129;266.1463559;24.956
6130;266.1553559;24.953
6131;266.1373559;24.953
6132;266.1733559;24.953
6133;266.2083559;24.953
6134;266.2263559;24.954
6135;266.3343559;24.954
6136;266.4243559;24.959
6137;266.4783559;24.959
6138;266.4963559;24.96
6139;266.5763559;24.96
6140;266.6123559;24.96
6141;266.6033559;24.959
6142;266.5943559;24.96
6143;266.5853559;24.959
6144;266.6033559;24.96
6145;266.6573559;24.961
6146;266.7293559;24.96
6147;266.8643559;24.96
6148;266.9893559;24.963
6149;267.0613559;24.966
6150;267.0973559;24.967
6151;267.0883559;24.966
6152;267.0613559;24.966
6153;267.0343559;24.964
6154;266.9713559;24.966
6155;266.9803559;24.967
6156;267.0973559;24.966
6157;267.1963559;24.966
6158;267.2413559;24.966
6159;267.3123559;24.967
6160;267.3843559;24.967
6161;267.4383559;24.967
6162;267.4563559;24.967
6163;267.4743559;24.969
6164;267.5373559;24.967
6165;267.5913559;24.966
6166;267.6273559;24.967
6167;267.6353559;24.968
6168;267.6983559;24.966
6169;267.7253559;24.966
6170;267.7883559;24.967
6171;267.8693559;24.968
6172;267.9863559;24.969
6173;268.0123559;24.968
6174;268.0573559;24.967
6175;268.0663559;24.967
6176;268.0573559;24.967
6177;268.1113559;24.967
6178;268.1923559;24.967
6179;268.2913559;24.969
6180;268.3533559;24.97
6181;268.4073559;24.967
6182;268.4433559;24.969
6183;268.5063559;24.967
6184;268.5063559;24.969
6185;268.5153559;24.969
6186;268.6053559;24.967
6187;268.7213559;24.967
6188;268.7933559;24.971
6189;268.8563559;24.973
6190;268.9733559;24.973
6191;269.0803559;24.973
6192;269.1343559;24.976
6193;269.2063559;24.977
6194;269.1883559;24.974
6195;269.1253559;24.974
6196;269.1163559;24.976
6197;269.0803559;24.976
6198;269.0983559;24.974
6199;269.1433559;24.975
6200;269.2333559;24.974
6201;269.3323559;24.976
6202;269.4483559;24.976
6203;269.5653559;24.979
6204;269.5923559;24.98
6205;269.6013559;24.984
6206;269.5653559;24.983
6207;269.5293559;24.983
6208;269.5203559;24.982
6209;269.5563559;24.982
6210;269.5833559;24.982
6211;269.7273559;24.984
6212;269.8433559;24.983
6213;269.9423559;24.985
6214;269.9693559;24.986
6215;270.0413559;24.985
6216;270.0593559;24.987
6217;270.0773559;24.986
6218;270.0593559;24.986
6219;270.1043559;24.985
6220;270.2023559;24.985
6221;270.2563559;24.985
6222;270.2923559;24.985
6223;270.3553559;24.985
6224;270.3553559;24.986
6225;270.3463559;24.985
6226;270.3823559;24.986
6227;270.5263559;24.985
6228;270.6063559;24.987
6229;270.6963559;24.987
6230;270.7143559;24.986
6231;270.7143559;24.985
6232;270.7233559;24.987
6233;270.7683559;24.985
6234;270.8403559;24.986
6235;270.8943559;24.986
6236;270.9113559;24.985
6237;270.9743559;24.986
6238;271.0013559;24.986
6239;270.9923559;24.986
6240;271.0193559;24.987
6241;271.0373559;24.986
6242;271.1093559;24.986
6243;271.1993559;24.986
6244;271.2353559;24.985
6245;271.3153559;24.987
6246;271.3243559;24.986
6247;271.3693559;24.985
6248;271.3873559;24.986
6249;271.4053559;24.987
6250;271.5223559;24.986
6251;271.5673559;24.986
6252;271.5943559;24.986
6253;271.6293559;24.986
6254;271.6473559;24.986
6255;271.6123559;24.987
6256;271.6383559;24.986
6257;271.7013559;24.985
6258;271.7463559;24.986
6259;271.8813559;24.985
6260;271.9263559;24.986
6261;271.9443559;24.986
6262;271.9263559;24.986
6263;271.8633559;24.987
6264;271.8993559;24.985
6265;271.9443559;24.986
6266;272.0333559;24.987
6267;272.1503559;24.986
6268;272.1953559;24.985
6269;272.2673559;24.987
6270;272.3123559;24.988
6271;272.3123559;24.991
6272;272.2853559;24.99
6273;272.3303559;24.989
6274;272.3653559;24.988
6275;272.4283559;24.99
6276;272.5183559;24.99
6277;272.5543559;24.992
6278;272.6083559;24.993
6279;272.6443559;24.993
6280;272.6173559;24.993
6281;272.6083559;24.992
6282;272.6803559;24.992
6283;272.7333559;24.992
6284;272.8413559;24.993
6285;272.9133559;24.995
6286;272.9583559;24.992
6287;273.0213559;24.992
6288;273.0213559;24.994
6289;273.0843559;24.995
6290;273.1913559;24.995
6291;273.2093559;24.992
6292;273.2453559;24.993
6293;273.2903559;24.995
6294;273.2723559;24.993
6295;273.2273559;24.993
6296;273.1733559;24.992
6297;273.2183559;24.992
6298;273.2993559;24.991
6299;273.4603559;24.996
6300;273.5683559;24.999
6301;273.6583559;25.002
6302;273.7123559;25.003
6303;273.7393559;25.003
6304;273.7123559;25.004
6305;273.6673559;25.004
6306;273.5773559;25.002
6307;273.5503559;25.002
6308;273.5953559;25.003
6309;273.7483559;25.001
6310;273.9183559;25.004
6311;274.0083559;25.003
6312;274.0893559;25.002
6313;274.1523559;25.005
6314;274.1883559;25.005
6315;274.1163559;25.004
6316;274.1343559;25.004
6317;274.1963559;25.004
6318;274.2143559;25.004
6319;274.3223559;25.004
6320;274.4213559;25.002
6321;274.5383559;25.005
6322;274.6003559;25.004
6323;274.6723559;25.003
6324;274.7083559;25.004
6325;274.7443559;25.005
6326;274.7713559;25.005
6327;274.7803559;25.005
6328;274.8343559;25.003
6329;274.8523559;25.003
6330;274.8973559;25.003
6331;274.9863559;25.003
6332;275.0493559;25.004
6333;275.1663559;25.003
6334;275.2563559;25.006
6335;275.3453559;25.004
6336;275.3543559;25.005
6337;275.3453559;25.002
6338;275.3543559;25.003
6339;275.3003559;25.005
6340;275.2923559;25.005
6341;275.3093559;25.005
6342;275.3903559;25.005
6343;275.4893559;25.005
6344;275.6063559;25.004
6345;275.7223559;25.005
6346;275.7583559;25.004
6347;275.7583559;25.004
6348;275.7403559;25.003
6349;275.7313559;25.005
6350;275.7133559;25.004
6351;275.7223559;25.005
6352;275.8303559;25.005
6353;275.9653559;25.005
6354;276.0723559;25.003
6355;276.1803559;25.005
6356;276.2163559;25.004
6357;276.2163559;25.004
6358;276.1893559;25.005
6359;276.2253559;25.003
6360;276.2523559;25.004
6361;276.3243559;25.006
6362;276.4223559;25.004
6363;276.4583559;25.004
6364;276.4853559;25.006
6365;276.5123559;25.002
6366;276.5753559;25.005
6367;276.6113559;25.005
6368;276.7103559;25.002
6369;276.7813559;25.005
6370;276.8353559;25.005
6371;276.8893559;25.003
6372;276.9253559;25.004
6373;276.9163559;25.006
6374;276.9433559;25.005
6375;276.9703559;25.004
6376;277.0063559;25.005
6377;277.0963559;25.006
6378;277.1053559;25.005
6379;277.2033559;25.005
6380;277.2123559;25.004
6381;277.2393559;25.002
6382;277.2663559;25.005
6383;277.3203559;25.004
6384;277.4193559;25.005
6385;277.4913559;25.006
6386;277.6073559;25.004
6387;277.7333559;25.008
6388;277.7963559;25.003
6389;277.7963559;25.003
6390;277.7783559;25.003
6391;277.7153559;25.004
6392;277.6793559;25.005
6393;277.7513559;25.005
6394;277.8143559;25.003
6395;277.9123559;25.005
6396;278.0383559;25.004
6397;278.1193559;25.006
6398;278.1733559;25.004
6399;278.1913559;25.005
6400;278.2633559;25.005
6401;278.2363559;25.005
6402;278.2183559;25.005
6403;278.2363559;25.004
6404;278.2983559;25.003
6405;278.3973559;25.004
6406;278.4873559;25.005
6407;278.5143559;25.003
6408;278.5233559;25.006
6409;278.5143559;25.005
6410;278.5593559;25.006
6411;278.5683559;25.005
6412;278.6403559;25.004
6413;278.6933559;25.003
6414;278.7833559;25.006
6415;278.8733559;25.008
6416;278.9453559;25.013
6417;278.9993559;25.016
6418;279.0973559;25.017
6419;279.1873559;25.019
6420;279.2233559;25.019
6421;279.1783559;25.019
6422;279.1243559;25.018
6423;279.0793559;25.017
6424;279.1063559;25.016
6425;279.1423559;25.019
6426;279.1423559;25.018
6427;279.2323559;25.017
6428;279.3583559;25.019
6429;279.4743559;25.016
6430;279.5463559;25.019
6431;279.6003559;25.018
6432;279.6723559;25.018
6433;279.7353559;25.018
6434;279.8063559;25.017
6435;279.8243559;25.017
6436;279.7793559;25.018
6437;279.7353559;25.016
6438;279.7353559;25.018
6439;279.7703559;25.018
6440;279.8603559;25.016
6441;279.9503559;25.018
6442;280.0403559;25.018
6443;280.1473559;25.018
6444;280.2823559;25.018
6445;280.3543559;25.019
6446;280.3183559;25.019
6447;280.2733559;25.018
6448;280.2643559;25.017
6449;280.2553559;25.017
6450;280.1833559;25.018
6451;280.2193559;25.018
6452;280.3543559;25.018
6453;280.4353559;25.019
6454;280.5073559;25.019
6455;280.6143559;25.019
6456;280.6683559;25.019
6457;280.7223559;25.019
6458;280.6953559;25.019
6459;280.7223559;25.019
6460;280.7853559;25.02
6461;280.7853559;25.019
6462;280.7943559;25.02
6463;280.8393559;25.019
6464;280.8753559;25.018
6465;280.8923559;25.021
6466;280.9283559;25.018
6467;280.9913559;25.019
6468;281.0633559;25.019
6469;281.1083559;25.018
6470;281.1983559;25.019
6471;281.2343559;25.02
6472;281.1983559;25.021
6473;281.1533559;25.021
6474;281.1893559;25.019
6475;281.1713559;25.019
6476;281.1893559;25.019
6477;281.2693559;25.019
6478;281.3413559;25.021
6479;281.4853559;25.022
6480;281.5753559;25.023
6481;281.5933559;25.022
6482;281.5393559;25.024
6483;281.4943559;25.022
6484;281.5033559;25.022
6485;281.4853559;25.024
6486;281.5663559;25.023
6487;281.5843559;25.022
6488;281.6823559;25.022
6489;281.7993559;25.021
6490;281.8623559;25.024
6491;281.8713559;25.024
6492;281.9253559;25.022
6493;281.9073559;25.023
6494;281.8893559;25.022
6495;281.8623559;25.025
6496;281.8533559;25.023
6497;281.8983559;25.023
6498;281.9793559;25.024
6499;282.0503559;25.024
6500;282.1583559;25.024
6501;282.2033559;25.025
6502;282.2303559;25.024
6503;282.2573559;25.024
6504;282.2933559;25.022
6505;282.3293559;25.021
6506;282.4363559;25.022
6507;282.4633559;25.023
6508;282.4543559;25.022
6509;282.4993559;25.024
6510;282.4723559;25.022
6511;282.5803559;25.023
6512;282.5803559;25.022
6513;282.6793559;25.024
6514;282.7683559;25.024
6515;282.8403559;25.024
6516;282.9123559;25.024
6517;282.9483559;25.023
6518;283.0113559;25.024
6519;283.0383559;25.022
6520;283.1283559;25.023
6521;283.1903559;25.022
6522;283.2533559;25.025
6523;283.3253559;25.022
6524;283.2983559;25.023
6525;283.2713559;25.023
6526;283.2713559;25.022
6527;283.3343559;25.023
6528;283.3973559;25.022
6529;283.4873559;25.024
6530;283.6033559;25.022
6531;283.6753559;25.025
6532;283.6933559;25.024
6533;283.6843559;25.024
6534;283.6573559;25.023
6535;283.6843559;25.023
6536;283.7563559;25.022
6537;283.8733559;25.022
6538;283.9983559;25.024
6539;284.0613559;25.024
6540;284.0973559;25.025
6541;284.1333559;25.024
6542;284.0793559;25.024
6543;284.0973559;25.024
6544;284.1153559;25.022
6545;284.2143559;25.023
6546;284.3033559;25.022
6547;284.3843559;25.025
6548;284.4293559;25.024
6549;284.4293559;25.024
6550;284.4923559;25.022
6551;284.5283559;25.024
6552;284.6533559;25.024
6553;284.7163559;25.026
6554;284.7163559;25.029
6555;284.7343559;25.031
6556;284.7253559;25.03
6557;284.7073559;25.031
6558;284.6983559;25.028
6559;284.7523559;25.028
6560;284.8603559;25.029
6561;284.9683559;25.035
6562;285.0663559;25.038
6563;285.1383559;25.039
6564;285.1833559;25.041
6565;285.1653559;25.04
6566;285.1113559;25.038
6567;285.1023559;25.039
6568;285.1203559;25.041
6569;285.1743559;25.037
6570;285.1923559;25.037
6571;285.3273559;25.039
6572;285.4703559;25.04
6573;285.5423559;25.042
6574;285.6143559;25.041
6575;285.6773559;25.041
6576;285.7313559;25.04
6577;285.7403559;25.043
6578;285.8023559;25.042
6579;285.8023559;25.042
6580;285.8023559;25.042
6581;285.8023559;25.042
6582;285.8023559;25.042
6583;285.8923559;25.043
6584;285.9463559;25.042
6585;286.1083559;25.043
6586;286.2333559;25.043
6587;286.3053559;25.042
6588;286.3053559;25.043
6589;286.2783559;25.041
6590;286.2603559;25.043
6591;286.2513559;25.043
6592;286.2963559;25.042
6593;286.3413559;25.042
6594;286.4493559;25.044
6595;286.5833559;25.044
6596;286.6913559;25.041
6597;286.7723559;25.043
6598;286.7903559;25.041
6599;286.8173559;25.042
6600;286.8263559;25.042
6601;286.8353559;25.042
6602;286.8263559;25.042
6603;286.8893559;25.043
6604;286.9603559;25.042
6605;287.0503559;25.042
6606;287.1673559;25.042
6607;287.1583559;25.042
6608;287.2033559;25.043
6609;287.2573559;25.041
6610;287.2573559;25.042
6611;287.3013559;25.042
6612;287.3643559;25.042
6613;287.3553559;25.041
6614;287.4093559;25.042
6615;287.4903559;25.041
6616;287.4813559;25.043
6617;287.5083559;25.043
6618;287.5443559;25.044
6619;287.6163559;25.042
6620;287.7143559;25.044
6621;287.7593559;25.043
6622;287.8223559;25.042
6623;287.8583559;25.042
6624;287.8943559;25.044
6625;287.9303559;25.044
6626;288.0293559;25.042
6627;288.0823559;25.041
6628;288.1003559;25.044
6629;288.1093559;25.041
6630;288.0643559;25.042
6631;288.0913559;25.043
6632;288.1363559;25.044
6633;288.1993559;25.043
6634;288.3163559;25.041
6635;288.4063559;25.042
6636;288.4773559;25.042
6637;288.4953559;25.043
6638;288.5313559;25.042
6639;288.5403559;25.043
6640;288.5313559;25.042
6641;288.5133559;25.042
6642;288.5943559;25.041
6643;288.6843559;25.043
6644;288.7653559;25.042
6645;288.8453559;25.043
6646;288.9173559;25.044
6647;288.9803559;25.043
6648;289.0523559;25.041
6649;289.1693559;25.042
6650;289.2043559;25.043
6651;289.1963559;25.043
6652;289.1603559;25.044
6653;289.1243559;25.044
6654;289.1423559;25.045
6655;289.1783559;25.041
6656;289.2493559;25.044
6657;289.3573559;25.044
6658;289.4743559;25.049
6659;289.6263559;25.055
6660;289.6893559;25.055
6661;289.6893559;25.057
6662;289.6803559;25.056
6663;289.6353559;25.057
6664;289.5993559;25.055
6665;289.5993559;25.057
6666;289.6713559;25.055
6667;289.7973559;25.054
6668;289.9143559;25.054
6669;289.9853559;25.056
6670;290.1023559;25.057
6671;290.1203559;25.056
6672;290.1743559;25.058
6673;290.2013559;25.055
6674;290.1473559;25.057
6675;290.1563559;25.054
6676;290.1743559;25.057
6677;290.2193559;25.057
6678;290.3183559;25.055
6679;290.4073559;25.056
6680;290.5243559;25.057
6681;290.6323559;25.057
6682;290.7133559;25.056
6683;290.6863559;25.057
6684;290.6413559;25.058
6685;290.5963559;25.055
6686;290.5963559;25.056
6687;290.6233559;25.057
6688;290.6773559;25.057
6689;290.7933559;25.057
6690;290.9283559;25.057
6691;290.9913559;25.057
6692;291.0813559;25.057
6693;291.1073559;25.058
6694;291.1073559;25.057
6695;291.0903559;25.057
6696;291.1343559;25.057
6697;291.2153559;25.058
6698;291.2693559;25.057
6699;291.2963559;25.058
6700;291.3863559;25.056
6701;291.4583559;25.057
6702;291.5113559;25.056
6703;291.6013559;25.057
6704;291.6733559;25.057
6705;291.6823559;25.057
6706;291.6913559;25.058
6707;291.6463559;25.057
6708;291.6553559;25.058
6709;291.6823559;25.057
6710;291.7093559;25.056
6711;291.7813559;25.057
6712;291.8703559;25.058
6713;292.0143559;25.058
6714;292.0683559;25.057
6715;292.1313559;25.058
6716;292.1673559;25.058
6717;292.1223559;25.057
6718;292.0863559;25.058
6719;292.1043559;25.058
6720;292.2033559;25.058
6721;292.2923559;25.062
6722;292.3913559;25.068
6723;292.4363559;25.067
6724;292.5353559;25.068
6725;292.6163559;25.07
6726;292.6423559;25.07
6727;292.6333559;25.07
6728;292.6783559;25.071
6729;292.6423559;25.069
6730;292.6513559;25.07
6731;292.7053559;25.068
6732;292.7683559;25.07
6733;292.8133559;25.068
6734;292.9033559;25.07
6735;293.0023559;25.071
6736;293.0733559;25.071
6737;293.0643559;25.071
6738;293.1003559;25.07
6739;293.0373559;25.071
6740;293.0193559;25.071
6741;293.0463559;25.068
6742;293.0913559;25.07
6743;293.1723559;25.07
6744;293.2353559;25.069
6745;293.3343559;25.07
6746;293.3963559;25.07
6747;293.4773559;25.07
6748;293.5583559;25.071
6749;293.5403559;25.071
6750;293.5853559;25.071
6751;293.6303559;25.071
6752;293.6573559;25.07
6753;293.6663559;25.071
6754;293.6483559;25.071
6755;293.5943559;25.068
6756;293.5853559;25.07
6757;293.6573559;25.071
6758;293.6843559;25.071
6759;293.7743559;25.07
6760;293.9353559;25.07
6761;293.9983559;25.069
6762;294.0973559;25.07
6763;294.1153559;25.071
6764;294.1773559;25.071
6765;294.1243559;25.072
6766;294.1333559;25.073
6767;294.1333559;25.071
6768;294.1683559;25.071
6769;294.2673559;25.07
6770;294.3843559;25.071
6771;294.4923559;25.073
6772;294.5193559;25.072
6773;294.5283559;25.072
6774;294.5373559;25.073
6775;294.5283559;25.072
6776;294.5453559;25.072
6777;294.5813559;25.071
6778;294.6083559;25.074
6779;294.6713559;25.071
6780;294.7163559;25.074
6781;294.7793559;25.075
6782;294.8063559;25.077
6783;294.8693559;25.078
6784;294.8963559;25.077
6785;294.9583559;25.082
6786;294.9493559;25.081
6787;295.0123559;25.081
6788;295.0303559;25.082
6789;294.9673559;25.08
6790;294.9143559;25.08
6791;294.9583559;25.08
6792;294.9943559;25.081
6793;295.0843559;25.082
6794;295.1833559;25.08
6795;295.2553559;25.08
6796;295.3003559;25.08
6797;295.3443559;25.083
6798;295.3443559;25.08
6799;295.3983559;25.082
6800;295.4883559;25.084
6801;295.5243559;25.081
6802;295.6233559;25.081
6803;295.6863559;25.083
6804;295.7033559;25.082
6805;295.7393559;25.082
6806;295.6863559;25.081
6807;295.6863559;25.084
6808;295.6773559;25.081
6809;295.7303559;25.08
6810;295.7933559;25.08
6811;295.8653559;25.08
6812;295.9553559;25.08
6813;295.9913559;25.083
6814;296.0453559;25.084
6815;296.0633559;25.086
6816;296.1433559;25.087
6817;296.1793559;25.087
6818;296.2333559;25.088
6819;296.2513559;25.09
6820;296.2333559;25.09
6821;296.2063559;25.09
6822;296.1703559;25.089
6823;296.2873559;25.09
6824;296.3413559;25.091
6825;296.4493559;25.091
6826;296.5203559;25.09
6827;296.5923559;25.091
6828;296.6733559;25.091
6829;296.6733559;25.091
6830;296.6553559;25.093
6831;296.6373559;25.089
6832;296.5653559;25.088
6833;296.5113559;25.09
6834;296.5653559;25.091
6835;296.6373559;25.091
6836;296.6733559;25.091
6837;296.7363559;25.089
6838;296.8263559;25.088
6839;296.8353559;25.091
6840;296.8883559;25.091
6841;296.9963559;25.09
6842;297.0323559;25.09
6843;297.0503559;25.093
6844;297.0863559;25.09
6845;297.0953559;25.091
6846;297.1403559;25.091
6847;297.2123559;25.096
6848;297.2563559;25.096
6849;297.3823559;25.098
6850;297.4543559;25.1
6851;297.4813559;25.099
6852;297.5263559;25.097
6853;297.4723559;25.099
6854;297.4453559;25.099
6855;297.4453559;25.1
6856;297.5083559;25.099
6857;297.6153559;25.099
6858;297.6693559;25.1
6859;297.7413559;25.099
6860;297.7773559;25.099
6861;297.8223559;25.099
6862;297.8583559;25.1
6863;297.8403559;25.099
6864;297.8853559;25.099
6865;297.8853559;25.099
6866;297.9753559;25.1
6867;298.0463559;25.098
6868;298.1273559;25.098
6869;298.1183559;25.099
6870;298.1543559;25.1
6871;298.3073559;25.099
6872;298.3163559;25.099
6873;298.2713559;25.1
6874;298.3163559;25.099
6875;298.2983559;25.099
6876;298.3523559;25.101
6877;298.3703559;25.1
6878;298.4323559;25.1
6879;298.5223559;25.101
6880;298.6033559;25.104
6881;298.6483559;25.107
6882;298.6843559;25.107
6883;298.6663559;25.11
6884;298.6753559;25.11
6885;298.6573559;25.109
6886;298.6663559;25.109
6887;298.7733559;25.107
6888;298.8993559;25.11
6889;298.9623559;25.11
6890;298.9803559;25.111
6891;299.0163559;25.108
6892;298.9983559;25.11
6893;299.0883559;25.107
6894;299.1063559;25.11
6895;299.1773559;25.114
6896;299.2493559;25.117
6897;299.3213559;25.12
6898;299.2583559;25.119
6899;299.2763559;25.119
6900;299.3843559;25.12
6901;299.4113559;25.12
6902;299.4923559;25.121
6903;299.5543559;25.12
6904;299.5543559;25.123
6905;299.5543559;25.122
6906;299.5363559;25.122
6907;299.4653559;25.12
6908;299.5543559;25.12
6909;299.6263559;25.121
6910;299.8063559;25.127
6911;299.8693559;25.133
6912;299.9223559;25.136
6913;300.0033559;25.139
6914;300.0843559;25.139
6915;300.1383559;25.141
6916;300.1833559;25.144
6917;300.2283559;25.152
6918;300.2733559;25.155
6919;300.2373559;25.155
6920;300.2733559;25.156
6921;300.2993559;25.156
6922;300.3083559;25.156
6923;300.2823559;25.155
6924;300.3083559;25.156
6925;300.3713559;25.159
6926;300.4523559;25.168
6927;300.5153559;25.174
6928;300.5963559;25.176
6929;300.6323559;25.176
6930;300.6503559;25.18
6931;300.6853559;25.179
6932;300.7033559;25.179
6933;300.7843559;25.179
6934;300.8473559;25.183
6935;300.8923559;25.185
6936;300.9373559;25.185
6937;300.9103559;25.184
6938;300.9643559;25.184
6939;300.9463559;25.181
6940;301.0183559;25.185
6941;301.0803559;25.189
6942;301.1613559;25.194
6943;301.2153559;25.194
6944;301.3053559;25.194
6945;301.3233559;25.194
6946;301.2783559;25.195
6947;301.3143559;25.194
6948;301.3233559;25.194
6949;301.3503559;25.194
6950;301.4133559;25.196
6951;301.4403559;25.197
6952;301.4403559;25.196
6953;301.5023559;25.197
6954;301.5653559;25.197
6955;301.6193559;25.204
6956;301.6553559;25.207
6957;301.7813559;25.208
6958;301.8973559;25.212
6959;302.0053559;25.217
6960;302.0053559;25.218
6961;301.9873559;25.219
6962;301.9333559;25.217
6963;301.9153559;25.215
6964;301.8613559;25.214
6965;301.8973559;25.213
6966;301.9693559;25.213
6967;302.0593559;25.215
6968;302.2123559;25.223
6969;302.2833559;25.227
6970;302.2743559;25.229
6971;302.2923559;25.23
6972;302.2563559;25.225
6973;302.2203559;25.226
6974;302.2653559;25.225
6975;302.3193559;25.223
6976;302.3913559;25.228
6977;302.5173559;25.233
6978;302.5983559;25.237
6979;302.6603559;25.241
6980;302.6963559;25.241
6981;302.6963559;25.243
6982;302.7413559;25.243
6983;302.7863559;25.243
6984;302.7323559;25.244
6985;302.7233559;25.24
6986;302.7863559;25.243
6987;302.7953559;25.243
6988;302.8853559;25.243
6989;302.9923559;25.246
6990;303.0553559;25.25
6991;303.1183559;25.249
6992;303.1543559;25.25
6993;303.1813559;25.25
6994;303.1633559;25.251
6995;303.1633559;25.249
6996;303.2083559;25.247
6997;303.2803559;25.249
6998;303.3693559;25.252
6999;303.4773559;25.255
7000;303.5133559;25.259
7001;303.5403559;25.261
7002;303.5763559;25.262
7003;303.6033559;25.262
7004;303.6123559;25.264
7005;303.6033559;25.263
7006;303.6753559;25.262
7007;303.7293559;25.266
7008;303.7643559;25.267
7009;303.7643559;25.269
7010;303.8723559;25.27
7011;303.9353559;25.269
7012;303.9533559;25.269
7013;303.9983559;25.27
7014;304.1593559;25.272
7015;304.1503559;25.272
7016;304.1863559;25.272
7017;304.1863559;25.271
7018;304.1333559;25.27
7019;304.1243559;25.271
7020;304.1153559;25.27
7021;304.1243559;25.272
7022;304.2313559;25.271
7023;304.3393559;25.27
7024;304.4473559;25.276
7025;304.5103559;25.28
7026;304.5453559;25.28
7027;304.4743559;25.28
7028;304.4833559;25.279
7029;304.4563559;25.279
7030;304.4383559;25.276
7031;304.4743559;25.277
7032;304.5273559;25.276
7033;304.6083559;25.277
7034;304.7343559;25.284
7035;304.8243559;25.288
7036;304.9403559;25.29
7037;304.9403559;25.29
7038;304.9313559;25.287
7039;304.8153559;25.288
7040;304.7973559;25.289
7041;304.7613559;25.288
7042;304.8333559;25.289
7043;304.8963559;25.287
7044;304.9943559;25.286
7045;305.0753559;25.287
7046;305.1833559;25.29
7047;305.2193559;25.293
7048;305.2283559;25.294
7049;305.2103559;25.293
7050;305.2013559;25.291
7051;305.1293559;25.289
7052;305.1113559;25.289
7053;305.1113559;25.289
7054;305.1743559;25.29
7055;305.2283559;25.289
7056;305.2993559;25.29
7057;305.4343559;25.293
7058;305.5693559;25.304
7059;305.6413559;25.311
7060;305.6503559;25.313
7061;305.6413559;25.314
7062;305.5963559;25.31
7063;305.5963559;25.311
7064;305.5693559;25.311
7065;305.5333559;25.31
7066;305.5783559;25.31
7067;305.6683559;25.312
7068;305.7303559;25.311
7069;305.8293559;25.312
7070;305.8473559;25.316
7071;305.8923559;25.318
7072;305.9373559;25.322
7073;305.9643559;25.321
7074;306.0003559;25.323
7075;306.0273559;25.324
7076;306.0893559;25.329
7077;306.0623559;25.327
7078;306.0363559;25.324
7079;306.0623559;25.322
7080;306.0803559;25.322
7081;306.1523559;25.319
7082;306.2783559;25.327
7083;306.2873559;25.329
7084;306.3773559;25.333
7085;306.4223559;25.333
7086;306.4663559;25.332
7087;306.4393559;25.333
7088;306.4043559;25.332
7089;306.3683559;25.334
7090;306.4133559;25.332
7091;306.4573559;25.332
7092;306.5563559;25.334
7093;306.5923559;25.331
7094;306.6013559;25.332
7095;306.7093559;25.335
7096;306.7453559;25.339
7097;306.7543559;25.341
7098;306.8083559;25.344
7099;306.7813559;25.345
7100;306.8343559;25.345
7101;306.8523559;25.345
7102;306.9153559;25.347
7103;306.9783559;25.348
7104;307.0953559;25.351
7105;307.1943559;25.352
7106;307.2473559;25.354
7107;307.2923559;25.352
7108;307.3013559;25.351
7109;307.3193559;25.354
7110;307.3643559;25.354
7111;307.3553559;25.354
7112;307.4543559;25.355
7113;307.5803559;25.354
7114;307.6873559;25.355
7115;307.7323559;25.355
7116;307.7233559;25.356
7117;307.7593559;25.357
7118;307.8043559;25.358
7119;307.8673559;25.361
7120;307.9573559;25.364
7121;308.0283559;25.365
7122;308.1363559;25.367
7123;308.1813559;25.37
7124;308.1723559;25.368
7125;308.1633559;25.368
7126;308.1633559;25.368
7127;308.2353559;25.368
7128;308.2713559;25.367
7129;308.3523559;25.367
7130;308.4503559;25.369
7131;308.5673559;25.371
7132;308.6123559;25.374
7133;308.6933559;25.38
7134;308.6843559;25.381
7135;308.7203559;25.381
7136;308.7293559;25.381
7137;308.7913559;25.381
7138;308.8543559;25.382
7139;308.8813559;25.385
7140;308.9983559;25.386
7141;309.1063559;25.389
7142;309.1503559;25.388
7143;309.2043559;25.389
7144;309.2223559;25.391
7145;309.2583559;25.391
7146;309.2943559;25.392
7147;309.3843559;25.393
7148;309.3933559;25.394
7149;309.4203559;25.394
7150;309.5273559;25.399
7151;309.6353559;25.403
7152;309.7253559;25.406
7153;309.7523559;25.407
7154;309.8243559;25.409
7155;309.8693559;25.407
7156;309.9043559;25.408
7157;309.9763559;25.41
7158;309.9943559;25.412
7159;310.0483559;25.416
7160;310.1293559;25.421
7161;310.2463559;25.422
7162;310.2903559;25.425
7163;310.3353559;25.426
7164;310.3803559;25.427
7165;310.4343559;25.427
7166;310.4793559;25.426
7167;310.4613559;25.428
7168;310.5693559;25.426
7169;310.6583559;25.428
7170;310.8023559;25.431
7171;310.9103559;25.432
7172;310.9283559;25.436
7173;310.9913559;25.436
7174;310.9643559;25.436
7175;310.9463559;25.436
7176;310.9643559;25.436
7177;311.0443559;25.432
7178;311.1793559;25.437
7179;311.2693559;25.441
7180;311.3953559;25.446
7181;311.4843559;25.446
7182;311.5293559;25.449
7183;311.5293559;25.451
7184;311.5113559;25.448
7185;311.5473559;25.448
7186;311.6463559;25.448
7187;311.7273559;25.449
7188;311.7993559;25.449
7189;311.9153559;25.451
7190;312.0143559;25.451
7191;312.0863559;25.448
7192;312.1313559;25.451
7193;312.2293559;25.452
7194;312.3373559;25.454
7195;312.3553559;25.453
7196;312.3643559;25.456
7197;312.3373559;25.455
7198;312.3463559;25.456
7199;312.4093559;25.453
7200;312.4543559;25.455
7201;312.5443559;25.461
7202;312.6783559;25.467
7203;312.7233559;25.473
7204;312.7683559;25.475
7205;312.8043559;25.476
7206;312.7953559;25.475
7207;312.8403559;25.475
7208;312.8673559;25.475
7209;312.9303559;25.474
7210;313.0553559;25.477
7211;313.1633559;25.476
7212;313.2263559;25.477
7213;313.3073559;25.478
7214;313.3333559;25.478
7215;313.4143559;25.48
7216;313.4953559;25.481
7217;313.5493559;25.481
7218;313.6213559;25.482
7219;313.6753559;25.482
7220;313.6753559;25.485
7221;313.7373559;25.485
7222;313.7733559;25.486
7223;313.8183559;25.488
7224;313.9083559;25.489
7225;313.9893559;25.492
7226;314.0523559;25.496
7227;314.0883559;25.495
7228;314.0963559;25.495
7229;314.1053559;25.495
7230;314.1053559;25.494
7231;314.1233559;25.497
7232;314.1503559;25.493
7233;314.3033559;25.496
7234;314.4023559;25.497
7235;314.5093559;25.497
7236;314.5453559;25.496
7237;314.5723559;25.497
7238;314.5993559;25.497
7239;314.5723559;25.495
7240;314.5903559;25.498
7241;314.7073559;25.496
7242;314.7703559;25.497
7243;314.8503559;25.505
7244;314.9853559;25.508
7245;315.0483559;25.512
7246;315.1203559;25.514
7247;315.1473559;25.511
7248;315.1023559;25.51
7249;315.1113559;25.512
7250;315.1203559;25.51
7251;315.1923559;25.513
7252;315.2633559;25.512
7253;315.3983559;25.513
7254;315.5333559;25.512
7255;315.6223559;25.511
7256;315.6133559;25.513
7257;315.6403559;25.516
7258;315.6583559;25.517
7259;315.7123559;25.517
7260;315.6493559;25.517
7261;315.5873559;25.514
7262;315.6133559;25.514
7263;315.6763559;25.514
7264;315.7123559;25.515
7265;315.8113559;25.517
7266;315.9373559;25.523
7267;316.0533559;25.529
7268;316.1523559;25.535
7269;316.1883559;25.54
7270;316.1523559;25.538
7271;316.1253559;25.538
7272;316.1073559;25.537
7273;316.0983559;25.535
7274;316.1163559;25.534
7275;316.2063559;25.534
7276;316.3143559;25.538
7277;316.4483559;25.543
7278;316.5563559;25.548
7279;316.6193559;25.551
7280;316.6553559;25.554
7281;316.6193559;25.556
7282;316.6013559;25.552
7283;316.5293559;25.552
7284;316.5473559;25.55
7285;316.6553559;25.552
7286;316.7363559;25.549
7287;316.8163559;25.555
7288;316.8793559;25.558
7289;316.9063559;25.562
7290;316.9423559;25.562
7291;316.9693559;25.563
7292;317.0143559;25.563
7293;317.0503559;25.565
7294;317.1393559;25.563
7295;317.2383559;25.567
7296;317.2923559;25.569
7297;317.3913559;25.573
7298;317.4543559;25.575
7299;317.4993559;25.578
7300;317.5433559;25.577
7301;317.5343559;25.576
7302;317.5083559;25.576
7303;317.4993559;25.575
7304;317.5163559;25.576
7305;317.5883559;25.575
7306;317.6963559;25.578
7307;317.7863559;25.578
7308;317.8583559;25.581
7309;317.9383559;25.583
7310;317.9473559;25.583
7311;317.9383559;25.583
7312;317.8853559;25.582
7313;317.8583559;25.582
7314;317.8583559;25.582
7315;317.9203559;25.58
7316;318.0283559;25.58
7317;318.1453559;25.583
7318;318.1813559;25.584
7319;318.2533559;25.588
7320;318.3783559;25.591
7321;318.4143559;25.591
7322;318.4773559;25.593
7323;318.4773559;25.593
7324;318.5493559;25.593
7325;318.5493559;25.594
7326;318.6033559;25.595
7327;318.6653559;25.594
7328;318.8003559;25.593
7329;318.8273559;25.594
7330;318.8813559;25.593
7331;318.9263559;25.595
7332;319.0073559;25.595
7333;319.0513559;25.595
7334;319.0693559;25.594
7335;319.1143559;25.596
7336;319.2313559;25.6
7337;319.2673559;25.602
7338;319.3213559;25.602
7339;319.4013559;25.607
7340;319.4283559;25.61
7341;319.5633559;25.613
7342;319.6713559;25.614
7343;319.7433559;25.617
7344;319.7963559;25.616
7345;319.7783559;25.617
7346;319.7963559;25.615
7347;319.7703559;25.615
7348;319.8683559;25.615
7349;319.9673559;25.615
7350;320.0483559;25.615
7351;320.1473559;25.617
7352;320.2183559;25.617
7353;320.2723559;25.617
7354;320.2903559;25.622
7355;320.3533559;25.624
7356;320.4163559;25.625
7357;320.4343559;25.628
7358;320.4703559;25.628
7359;320.5323559;25.63
7360;320.5953559;25.625
7361;320.6403559;25.629
7362;320.7123559;25.63
7363;320.7483559;25.63
7364;320.8383559;25.63
7365;320.8653559;25.631
7366;320.8563559;25.629
7367;320.8653559;25.631
7368;320.8833559;25.631
7369;320.9723559;25.629
7370;321.0803559;25.629
7371;321.1433559;25.632
7372;321.2333559;25.632
7373;321.2603559;25.638
7374;321.3313559;25.644
7375;321.4663559;25.645
7376;321.5203559;25.648
7377;321.5563559;25.648
7378;321.5293559;25.648
7379;321.5563559;25.647
7380;321.5473559;25.646
7381;321.5743559;25.649
7382;321.6103559;25.648
7383;321.6993559;25.647
7384;321.7983559;25.648
7385;321.8613559;25.647
7386;321.8703559;25.649
7387;321.9063559;25.65
7388;321.9243559;25.65
7389;321.8973559;25.647
7390;321.8703559;25.65
7391;321.9333559;25.648
7392;321.9783559;25.65
7393;322.0583559;25.648
7394;322.1753559;25.648
7395;322.1933559;25.648
7396;322.2293559;25.65
7397;322.2563559;25.648
7398;322.2833559;25.649
7399;322.3013559;25.651
7400;322.3913559;25.65
7401;322.4173559;25.647
7402;322.5253559;25.649
7403;322.5973559;25.649
7404;322.6423559;25.648
7405;322.6783559;25.648
7406;322.6693559;25.648
7407;322.7413559;25.649
7408;322.8033559;25.651
7409;322.8753559;25.648
7410;322.8843559;25.65
7411;322.8573559;25.649
7412;322.8663559;25.65
7413;322.9113559;25.649
7414;322.9653559;25.648
7415;322.9923559;25.648
7416;323.1183559;25.65
7417;323.1983559;25.65
7418;323.2703559;25.65
7419;323.2703559;25.649
7420;323.2793559;25.649
7421;323.2973559;25.648
7422;323.2343559;25.65
7423;323.2343559;25.649
7424;323.3243559;25.649
7425;323.4233559;25.65
7426;323.5223559;25.65
7427;323.5313559;25.653
7428;323.6113559;25.657
7429;323.6293559;25.657
7430;323.6293559;25.658
7431;323.6923559;25.66
7432;323.7283559;25.663
7433;323.7733559;25.662
7434;323.8003559;25.661
7435;323.9343559;25.663
7436;323.9163559;25.663
7437;323.9433559;25.664
7438;324.0243559;25.661
7439;324.0153559;25.663
7440;324.0513559;25.663
7441;324.1413559;25.662
7442;324.1593559;25.663
7443;324.1323559;25.663
7444;324.1773559;25.663
7445;324.2223559;25.663
7446;324.2313559;25.664
7447;324.3113559;25.661
7448;324.3203559;25.662
7449;324.4463559;25.663
7450;324.5273559;25.662
7451;324.5903559;25.661
7452;324.5723559;25.663
7453;324.5183559;25.664
7454;324.5003559;25.662
7455;324.5093559;25.66
7456;324.5363559;25.664
7457;324.5993559;25.663
7458;324.6443559;25.664
7459;324.7603559;25.662
7460;324.8503559;25.664
7461;324.9223559;25.665
7462;324.8773559;25.662
7463;324.8413559;25.662
7464;324.7603559;25.663
7465;324.7423559;25.663
7466;324.8053559;25.663
7467;324.9043559;25.662
7468;324.9853559;25.663
7469;325.1193559;25.663
7470;325.1913559;25.664
7471;325.1823559;25.666
7472;325.1373559;25.666
7473;325.1193559;25.664
7474;325.1373559;25.664
7475;325.1733559;25.665
7476;325.2183559;25.663
7477;325.2813559;25.664
7478;325.3353559;25.669
7479;325.4063559;25.671
7480;325.4693559;25.674
7481;325.4963559;25.674
7482;325.4783559;25.673
7483;325.4423559;25.674
7484;325.5053559;25.674
7485;325.5053559;25.671
7486;325.5143559;25.675
7487;325.5503559;25.671
7488;325.6313559;25.673
7489;325.6943559;25.674
7490;325.7213559;25.674
7491;325.8193559;25.675
7492;325.9093559;25.675
7493;325.9543559;25.674
7494;325.9903559;25.675
7495;325.9723559;25.675
7496;325.9363559;25.675
7497;325.9183559;25.674
7498;325.9183559;25.674
7499;325.9633559;25.674
7500;326.0713559;25.674
7501;326.2413559;25.677
7502;326.3043559;25.681
7503;326.3313559;25.682
7504;326.3223559;25.681
7505;326.3043559;25.68
7506;326.3043559;25.679
7507;326.3853559;25.679
7508;326.4483559;25.68
7509;326.5113559;25.681
7510;326.6093559;25.683
7511;326.6543559;25.684
7512;326.7083559;25.686
7513;326.7353559;25.687
7514;326.7443559;25.686
7515;326.7983559;25.685
7516;326.9053559;25.686
7517;326.9863559;25.687
7518;327.0583559;25.688
7519;327.0763559;25.686
7520;327.1213559;25.686
7521;327.1123559;25.686
7522;327.1843559;25.684
7523;327.2913559;25.686
7524;327.3363559;25.686
7525;327.4083559;25.684
7526;327.4353559;25.686
7527;327.4533559;25.686
7528;327.4803559;25.686
7529;327.4983559;25.686
7530;327.4983559;25.684
7531;327.5523559;25.686
7532;327.6593559;25.687
7533;327.7403559;25.687
7534;327.8033559;25.691
7535;327.8753559;25.693
7536;327.9203559;25.692
7537;327.9563559;25.694
7538;327.9293559;25.694
7539;327.9203559;25.693
7540;327.9473559;25.694
7541;327.9563559;25.693
7542;328.0633559;25.693
7543;328.1533559;25.692
7544;328.2163559;25.693
7545;328.2793559;25.693
7546;328.3153559;25.692
7547;328.3423559;25.693
7548;328.3603559;25.693
7549;328.3863559;25.693
7550;328.4673559;25.692
7551;328.5303559;25.693
7552;328.5753559;25.694
7553;328.5843559;25.695
7554;328.6293559;25.694
7555;328.6563559;25.693
7556;328.7543559;25.694
7557;328.8263559;25.694
7558;328.8893559;25.694
7559;328.9523559;25.694
7560;328.9703559;25.694
7561;329.0153559;25.696
7562;328.9883559;25.694
7563;328.9793559;25.693
7564;328.9883559;25.692
7565;329.0243559;25.693
7566;329.1763559;25.693
7567;329.2663559;25.695
7568;329.3473559;25.697
7569;329.3743559;25.699
7570;329.3563559;25.697
7571;329.3653559;25.7
7572;329.3473559;25.696
7573;329.3743559;25.697
7574;329.4283559;25.696
7575;329.5353559;25.698
7576;329.6523559;25.699
7577;329.7333559;25.702
7578;329.6883559;25.699
7579;329.6073559;25.7
7580;329.5983559;25.699
7581;329.6163559;25.698
7582;329.6613559;25.697
7583;329.7423559;25.699
7584;329.8583559;25.702
7585;329.9573559;25.704
7586;330.0293559;25.702
7587;330.0563559;25.705
7588;330.0653559;25.703
7589;330.0113559;25.703
7590;330.0563559;25.702
7591;330.1283559;25.702
7592;330.2533559;25.704
7593;330.2893559;25.704
7594;330.3793559;25.705
7595;330.3703559;25.703
7596;330.3433559;25.703
7597;330.3613559;25.706
7598;330.4063559;25.704
7599;330.4513559;25.703
7600;330.5143559;25.706
7601;330.6123559;25.706
7602;330.6753559;25.707
7603;330.7113559;25.706
7604;330.7293559;25.706
7605;330.6663559;25.706
7606;330.6573559;25.706
7607;330.6483559;25.706
7608;330.7293559;25.706
7609;330.8373559;25.706
7610;330.9453559;25.707
7611;331.0883559;25.706
7612;331.1153559;25.707
7613;331.1333559;25.706
7614;331.0883559;25.706
7615;331.0973559;25.707
7616;331.1333559;25.705
7617;331.1423559;25.706
7618;331.1513559;25.707
7619;331.2143559;25.708
7620;331.3133559;25.707
7621;331.3843559;25.708
7622;331.4293559;25.71
7623;331.5373559;25.709
7624;331.6273559;25.709
7625;331.7433559;25.708
7626;331.6813559;25.707
7627;331.6543559;25.707
7628;331.6003559;25.708
7629;331.6093559;25.709
7630;331.5823559;25.708
7631;331.5643559;25.709
7632;331.5913559;25.707
7633;331.6723559;25.709
7634;331.7883559;25.71
7635;331.8513559;25.709
7636;331.9233559;25.712
7637;331.9953559;25.712
7638;332.0223559;25.712
7639;331.9683559;25.713
7640;331.9143559;25.712
7641;331.9053559;25.71
7642;331.9143559;25.711
7643;331.9503559;25.711
7644;332.0223559;25.712
7645;332.1023559;25.712
7646;332.2463559;25.713
7647;332.3543559;25.713
7648;332.4083559;25.713
7649;332.4523559;25.715
7650;332.4173559;25.712
7651;332.3363559;25.712
7652;332.3363559;25.713
7653;332.3003559;25.714
7654;332.2733559;25.713
7655;332.2913559;25.712
7656;332.3543559;25.71
7657;332.4523559;25.713
7658;332.5513559;25.713
7659;332.5873559;25.715
7660;332.6503559;25.713
7661;332.7133559;25.715
7662;332.7313559;25.715
7663;332.7313559;25.712
7664;332.7133559;25.713
7665;332.7133559;25.713
7666;332.7673559;25.713
7667;332.8383559;25.713
7668;332.9823559;25.715
7669;333.0903559;25.712
7670;333.1523559;25.713
7671;333.1523559;25.714
7672;333.1613559;25.715
7673;333.1703559;25.715
7674;333.1883559;25.714
7675;333.2153559;25.713
7676;333.2063559;25.713
7677;333.2693559;25.713
7678;333.3593559;25.713
7679;333.4763559;25.715
7680;333.5743559;25.714
7681;333.6013559;25.714
7682;333.6013559;25.714
7683;333.5923559;25.715
7684;333.5473559;25.715
7685;333.5293559;25.714
7686;333.6463559;25.713
7687;333.7453559;25.715
7688;333.8443559;25.716
7689;333.9243559;25.715
7690;333.9963559;25.714
7691;333.9333559;25.715
7692;333.9333559;25.713
7693;333.9153559;25.715
7694;333.9333559;25.713
7695;333.9783559;25.715
7696;334.0683559;25.713
7697;334.1583559;25.714
7698;334.1763559;25.712
7699;334.1853559;25.712
7700;334.1943559;25.713
7701;334.2213559;25.711
7702;334.3193559;25.711
7703;334.4363559;25.71
7704;334.5263559;25.713
7705;334.5713559;25.712
7706;334.6063559;25.713
7707;334.6423559;25.712
7708;334.6513559;25.713
7709;334.6693559;25.712
7710;334.6423559;25.712
7711;334.7143559;25.712
7712;334.7683559;25.715
7713;334.7953559;25.711
7714;334.8403559;25.71
7715;334.9303559;25.712
7716;334.9833559;25.713
7717;335.0103559;25.712
7718;335.1363559;25.712
7719;335.2083559;25.712
7720;335.2263559;25.713
7721;335.2083559;25.712
7722;335.1453559;25.712
7723;335.1093559;25.712
7724;335.1093559;25.711
7725;335.1273559;25.713
7726;335.2173559;25.713
7727;335.3513559;25.71
7728;335.4413559;25.71
7729;335.5133559;25.712
7730;335.5763559;25.712
7731;335.6123559;25.713
7732;335.6033559;25.713
7733;335.5493559;25.714
7734;335.5133559;25.709
7735;335.5763559;25.713
7736;335.6483559;25.712
7737;335.7643559;25.713
7738;335.8273559;25.713
7739;335.8723559;25.715
7740;335.9533559;25.718
7741;336.0513559;25.718
7742;336.1413559;25.719
7743;336.1593559;25.719
7744;336.1683559;25.72
7745;336.1683559;25.718
7746;336.1233559;25.718
7747;336.1053559;25.719
7748;336.1233559;25.719
7749;336.2133559;25.72
7750;336.3483559;25.719
7751;336.4113559;25.719
7752;336.4463559;25.719
7753;336.4643559;25.718
7754;336.4913559;25.718
7755;336.5093559;25.72
7756;336.5633559;25.719
7757;336.6443559;25.718
7758;336.7253559;25.718
7759;336.7963559;25.718
7760;336.8683559;25.719
7761;336.9133559;25.718
7762;336.9403559;25.719
7763;337.0123559;25.719
7764;337.0573559;25.717
7765;337.1733559;25.719
7766;337.1373559;25.719
7767;337.1373559;25.717
7768;337.1733559;25.718
7769;337.1293559;25.718
7770;337.1203559;25.719
7771;337.1553559;25.719
7772;337.2003559;25.719
7773;337.3173559;25.717
7774;337.3623559;25.715
7775;337.4793559;25.715
7776;337.5413559;25.713
7777;337.5683559;25.713
7778;337.6493559;25.713
7779;337.6853559;25.713
7780;337.7573559;25.712
7781;337.8113559;25.711
7782;337.8643559;25.712
7783;337.8553559;25.71
7784;337.8383559;25.713
7785;337.8473559;25.711
7786;337.8023559;25.71
7787;337.8293559;25.711
7788;337.8643559;25.71
7789;337.9903559;25.713
7790;338.1343559;25.712
7791;338.2063559;25.71
7792;338.1703559;25.709
7793;338.2323559;25.71
7794;338.2413559;25.71
7795;338.2683559;25.708
7796;338.3223559;25.709
7797;338.3133559;25.709
7798;338.3403559;25.71
7799;338.2863559;25.712
7800;338.3493559;25.709
7801;338.4123559;25.709
7802;338.4933559;25.71
7803;338.5383559;25.71
7804;338.6363559;25.708
7805;338.7353559;25.707
7806;338.8253559;25.708
7807;338.8163559;25.707
7808;338.7803559;25.706
7809;338.7173559;25.707
7810;338.6903559;25.709
7811;338.6543559;25.709
7812;338.6813559;25.707
7813;338.7353559;25.709
7814;338.8523559;25.708
7815;338.8973559;25.707
7816;338.9683559;25.709
7817;338.9773559;25.71
7818;338.9683559;25.707
7819;338.9323559;25.707
7820;338.9773559;25.707
7821;339.0223559;25.706
7822;339.1033559;25.707
7823;339.1663559;25.705
7824;339.2203559;25.706
7825;339.1933559;25.707
7826;339.1753559;25.707
7827;339.1573559;25.709
7828;339.1573559;25.706
7829;339.1933559;25.708
7830;339.2563559;25.707
7831;339.3273559;25.709
7832;339.4083559;25.705
7833;339.4623559;25.706
7834;339.4893559;25.704
7835;339.5073559;25.705
7836;339.5613559;25.707
7837;339.6063559;25.706
7838;339.6413559;25.705
7839;339.6773559;25.703
7840;339.7403559;25.705
7841;339.7763559;25.703
7842;339.8123559;25.703
7843;339.7943559;25.705
7844;339.8033559;25.706
7845;339.8123559;25.705
7846;339.8393559;25.705
7847;339.8303559;25.702
7848;339.8663559;25.706
7849;339.9023559;25.703
7850;339.9923559;25.703
7851;340.0993559;25.705
7852;340.1533559;25.705
7853;340.2523559;25.702
7854;340.3243559;25.703
7855;340.3153559;25.702
7856;340.2883559;25.702
7857;340.3243559;25.704
7858;340.3593559;25.702
7859;340.3423559;25.704
7860;340.3683559;25.703
7861;340.4673559;25.702
7862;340.5303559;25.703
7863;340.5483559;25.703
7864;340.5573559;25.703
7865;340.6563559;25.703
7866;340.7093559;25.701
7867;340.7723559;25.701
7868;340.8353559;25.701
7869;340.8443559;25.699
7870;340.8803559;25.699
7871;340.9253559;25.7
7872;341.0243559;25.699
7873;341.1133559;25.698
7874;341.0773559;25.699
7875;341.0773559;25.698
7876;341.0683559;25.698
7877;341.0773559;25.699
7878;341.1583559;25.698
7879;341.2033559;25.699
7880;341.2123559;25.698
7881;341.2123559;25.7
7882;341.2663559;25.698
7883;341.3203559;25.7
7884;341.3743559;25.699
7885;341.4723559;25.699
7886;341.5353559;25.699
7887;341.5353559;25.696
7888;341.5443559;25.697
7889;341.5443559;25.699
7890;341.5443559;25.699
7891;341.5533559;25.698
7892;341.5893559;25.697
7893;341.6703559;25.697
7894;341.7063559;25.697
7895;341.8043559;25.696
7896;341.8673559;25.697
7897;341.8493559;25.696
7898;341.8403559;25.696
7899;341.7863559;25.697
7900;341.8313559;25.697
7901;341.8223559;25.697
7902;341.9033559;25.696
7903;341.9753559;25.697
7904;342.0203559;25.697
7905;342.0023559;25.696
7906;341.9843559;25.697
7907;341.9753559;25.699
7908;341.9483559;25.699
7909;341.9393559;25.697
7910;341.9483559;25.696
7911;342.0113559;25.697
7912;342.0743559;25.698
7913;342.1363559;25.697
7914;342.1273559;25.697
7915;342.1633559;25.697
7916;342.1183559;25.696
7917;342.1543559;25.697
7918;342.1993559;25.699
7919;342.2983559;25.697
7920;342.3253559;25.698
7921;342.4603559;25.696
7922;342.4693559;25.698
7923;342.4953559;25.696
7924;342.5493559;25.696
7925;342.6303559;25.697
7926;342.7023559;25.696
7927;342.7383559;25.696
7928;342.7833559;25.696
7929;342.8543559;25.695
7930;342.8453559;25.696
7931;342.9443559;25.696
7932;343.0073559;25.694
7933;343.0253559;25.693
7934;343.0253559;25.694
7935;343.0343559;25.695
7936;343.0703559;25.695
7937;343.0703559;25.696
7938;343.1333559;25.695
7939;343.2763559;25.696
7940;343.3393559;25.696
7941;343.3843559;25.695
7942;343.3303559;25.694
7943;343.3663559;25.696
7944;343.4023559;25.695
7945;343.4473559;25.693
7946;343.5453559;25.694
7947;343.6533559;25.694
7948;343.6713559;25.694
7949;343.7523559;25.696
7950;343.7433559;25.696
7951;343.7793559;25.693
7952;343.7703559;25.696
7953;343.7523559;25.694
7954;343.7883559;25.694
7955;343.9403559;25.696
7956;344.0393559;25.694
7957;344.1203559;25.696
7958;344.1833559;25.697
7959;344.2103559;25.694
7960;344.2723559;25.693
7961;344.2903559;25.696
7962;344.3263559;25.696
7963;344.3443559;25.694
7964;344.4523559;25.694
7965;344.4973559;25.696
7966;344.5063559;25.695
7967;344.5603559;25.696
7968;344.5863559;25.694
7969;344.5513559;25.694
7970;344.6133559;25.696
7971;344.6313559;25.696
7972;344.6943559;25.696
7973;344.7483559;25.696
7974;344.8293559;25.696
7975;344.8203559;25.696
7976;344.9103559;25.696
7977;344.9453559;25.696
7978;344.9453559;25.696
7979;344.9193559;25.697
7980;344.9633559;25.697
7981;344.9813559;25.696
7982;345.0533559;25.696
7983;345.1163559;25.695
7984;345.1253559;25.696
7985;345.2063559;25.696
7986;345.2513559;25.693
7987;345.2863559;25.695
7988;345.2773559;25.697
7989;345.3853559;25.697
7990;345.4123559;25.695
7991;345.4843559;25.696
7992;345.5203559;25.697
7993;345.5743559;25.696
7994;345.5563559;25.695
7995;345.5653559;25.696
7996;345.6273559;25.696
7997;345.7083559;25.697
7998;345.7713559;25.696
7999;345.8433559;25.696
8000;345.9333559;25.696
8001;346.0133559;25.697
8002;346.0313559;25.696
8003;346.0133559;25.697
8004;345.9953559;25.697
8005;345.9863559;25.696
8006;346.0133559;25.699
8007;346.0403559;25.699
8008;346.1303559;25.696
8009;346.2383559;25.696
8010;346.3723559;25.697
8011;346.5163559;25.695
8012;346.4893559;25.695
8013;346.5253559;25.695
8014;346.5073559;25.696
8015;346.3813559;25.696
8016;346.4083559;25.694
8017;346.3453559;25.694
8018;346.3723559;25.697
8019;346.4623559;25.697
8020;346.5343559;25.697
8021;346.5973559;25.695
8022;346.6863559;25.694
8023;346.7223559;25.696
8024;346.8123559;25.695
8025;346.7763559;25.694
8026;346.7763559;25.694
8027;346.8303559;25.694
8028;346.8843559;25.694
8029;346.9113559;25.695
8030;346.9383559;25.696
8031;347.0453559;25.697
8032;347.1173559;25.696
8033;347.1893559;25.693
8034;347.3153559;25.693
8035;347.4223559;25.694
8036;347.4493559;25.697
8037;347.4943559;25.696
8038;347.4853559;25.696
8039;347.4043559;25.696
8040;347.3423559;25.696
8041;347.2703559;25.694
8042;347.2793559;25.697
8043;347.3153559;25.693
8044;347.4943559;25.695
8045;347.5843559;25.695
8046;347.6743559;25.696
8047;347.7273559;25.698
8048;347.8173559;25.696
8049;347.8353559;25.697
8050;347.8803559;25.696
8051;347.8893559;25.697
8052;347.8533559;25.696
8053;347.8623559;25.696
8054;347.9073559;25.697
8055;348.0413559;25.696
8056;348.1853559;25.696
8057;348.2843559;25.698
8058;348.3823559;25.7
8059;348.4903559;25.699
8060;348.5353559;25.699
8061;348.5263559;25.699
8062;348.4993559;25.699
8063;348.5353559;25.699
8064;348.6073559;25.697
8065;348.6523559;25.7
8066;348.6613559;25.7
8067;348.7503559;25.699
8068;348.8043559;25.7
8069;348.8943559;25.699
8070;348.9483559;25.699
8071;348.9933559;25.699
8072;349.1093559;25.699
8073;349.1633559;25.7
8074;349.2083559;25.7
8075;349.1363559;25.699
8076;349.1543559;25.699
8077;349.1813559;25.699
8078;349.2623559;25.699
8079;349.3343559;25.702
8080;349.4233559;25.698
8081;349.4413559;25.699
8082;349.4863559;25.7
8083;349.4503559;25.699
8084;349.4863559;25.698
8085;349.5223559;25.7
8086;349.6303559;25.699
8087;349.7023559;25.701
8088;349.7553559;25.703
8089;349.8003559;25.702
8090;349.7913559;25.702
8091;349.8273559;25.7
8092;349.8993559;25.702
8093;350.0343559;25.702
8094;350.1233559;25.702
8095;350.1863559;25.702
8096;350.2133559;25.703
8097;350.2313559;25.703
8098;350.2493559;25.702
8099;350.3573559;25.703
8100;350.4373559;25.702
8101;350.4553559;25.703
8102;350.4553559;25.703
8103;350.4733559;25.701
8104;350.4733559;25.705
8105;350.6173559;25.706
8106;350.6713559;25.704
8107;350.7433559;25.703
8108;350.8413559;25.707
8109;350.8773559;25.706
8110;350.8773559;25.706
8111;350.9043559;25.706
8112;350.8323559;25.706
8113;350.8863559;25.706
8114;350.9403559;25.707
8115;351.0303559;25.706
8116;351.1193559;25.706
8117;351.2273559;25.706
8118;351.2813559;25.706
8119;351.2993559;25.706
8120;351.3443559;25.707
8121;351.3623559;25.706
8122;351.4163559;25.707
8123;351.4873559;25.706
8124;351.5953559;25.707
8125;351.6223559;25.707
8126;351.6043559;25.707
8127;351.5323559;25.708
8128;351.5143559;25.707
8129;351.5683559;25.707
8130;351.7123559;25.707
8131;351.7663559;25.708
8132;351.8643559;25.709
8133;351.9093559;25.71
8134;351.9093559;25.71
8135;351.9273559;25.712
8136;352.0713559;25.711
8137;352.1423559;25.712
8138;352.1963559;25.712
8139;352.2233559;25.711
8140;352.2323559;25.709
8141;352.2053559;25.71
8142;352.2503559;25.712
8143;352.3223559;25.712
8144;352.3943559;25.711
8145;352.4653559;25.711
8146;352.5283559;25.712
8147;352.5643559;25.712
8148;352.6003559;25.712
8149;352.6633559;25.71
8150;352.7083559;25.713
8151;352.8063559;25.714
8152;352.8873559;25.714
8153;352.9233559;25.713
8154;352.9143559;25.715
8155;352.8963559;25.713
8156;352.8873559;25.714
8157;352.9593559;25.713
8158;353.0583559;25.714
8159;353.1303559;25.715
8160;353.2283559;25.715
8161;353.2733559;25.715
8162;353.3273559;25.717
8163;353.3723559;25.717
8164;353.3183559;25.716
8165;353.3093559;25.716
8166;353.3453559;25.716
8167;353.3993559;25.716
8168;353.4883559;25.717
8169;353.5603559;25.714
8170;353.6323559;25.716
8171;353.6503559;25.716
8172;353.6953559;25.718
8173;353.7403559;25.717
8174;353.8293559;25.718
8175;353.9103559;25.718
8176;353.9913559;25.719
8177;353.9913559;25.718
8178;354.0093559;25.718
8179;354.0633559;25.719
8180;354.1083559;25.718
8181;354.1973559;25.719
8182;354.2513559;25.719
8183;354.2513559;25.718
8184;354.3503559;25.719
8185;354.3953559;25.718
8186;354.4493559;25.718
8187;354.5203559;25.721
8188;354.5383559;25.719
8189;354.6013559;25.719
8190;354.6373559;25.719
8191;354.6823559;25.72
8192;354.7453559;25.719
8193;354.7363559;25.72
8194;354.7723559;25.72
8195;354.8253559;25.719
8196;354.9603559;25.723
8197;355.0503559;25.723
8198;355.1483559;25.723
8199;355.1933559;25.722
8200;355.1843559;25.723
8201;355.1393559;25.724
8202;355.1663559;25.725
8203;355.1933559;25.723
8204;355.2743559;25.723
8205;355.3913559;25.723
8206;355.5073559;25.725
8207;355.5703559;25.726
8208;355.6513559;25.726
8209;355.7233559;25.725
8210;355.7323559;25.725
8211;355.7683559;25.726
8212;355.8393559;25.728
8213;355.8573559;25.726
8214;355.8663559;25.727
8215;355.9293559;25.726
8216;356.0463559;25.728
8217;356.0913559;25.728
8218;356.1273559;25.727
8219;356.2253559;25.729
8220;356.2793559;25.729
8221;356.2973559;25.728
8222;356.3063559;25.728
8223;356.2883559;25.729
8224;356.2703559;25.729
8225;356.3333559;25.728
8226;356.5213559;25.729
8227;356.5753559;25.729
8228;356.6653559;25.729
8229;356.6923559;25.73
8230;356.6563559;25.728
8231;356.6563559;25.727
8232;356.6743559;25.73
8233;356.6563559;25.729
8234;356.7103559;25.729
8235;356.7903559;25.729
8236;356.8713559;25.73
8237;356.9523559;25.729
8238;356.9703559;25.732
8239;356.9703559;25.73
8240;356.9793559;25.731
8241;357.0063559;25.729
8242;357.0603559;25.731
8243;357.1143559;25.731
8244;357.1143559;25.731
8245;357.1673559;25.733
8246;357.2573559;25.732
8247;357.3383559;25.733
8248;357.4463559;25.732
8249;357.4723559;25.735
8250;357.5353559;25.739
8251;357.5533559;25.738
8252;357.5083559;25.738
8253;357.5353559;25.738
8254;357.5263559;25.737
8255;357.6073559;25.736
8256;357.6613559;25.738
8257;357.7603559;25.741
8258;357.8043559;25.741
8259;357.8583559;25.741
8260;357.8313559;25.74
8261;357.8403559;25.742
8262;357.7773559;25.739
8263;357.7693559;25.739
8264;357.7513559;25.741
8265;357.7953559;25.739
